checksum,uptime mp,uptime nav, errorflag mp, errorflag nav,accel x, accel y, accel z, gyro x, gyro y, gyro z, mag x, mag y, mag z, magraw x, magraw y, magraw z, euler x, euler y, euler z, quat w, quat x, quat y, quat z, altitude, pressure, verticalvel,maxrecorded alt,altitudeagl,filteredalt,imutemp, barotemp, state,checksum2
101,7678,-1436431111,0,0,0.000001,125472642971471970304.000000,-146008857035486599730692096.000000,0.000000,-0.000000,-1398878.694928,7386776250963324446408097619471499264.000000,0.000002,-68781036427038721924866768896.000000,7.021421,2629667171069673570513598429502898176.000000,27642487111680.000000,-0.000000,-0.000000,-0.000000,-0.000000,-10551178559488.000000,-92584860401994301440.000000,-3542501120.000000,0.000000,0.000000,-0.001385,0.000000,98855418961478759856734208.000000,-0.166589,-0.000000,16188526592.000000,0,202
101,7678,-1436431111,0,0,0.000001,125472642971471970304.000000,-146008857035486599730692096.000000,0.000000,-0.000000,-1398878.694928,7386776250963324446408097619471499264.000000,0.000002,-68781036427038721924866768896.000000,7.021421,2629667171069673570513598429502898176.000000,27642487111680.000000,-0.000000,-0.000000,-0.000000,-0.000000,-10551178559488.000000,-92584860401994301440.000000,-3542501120.000000,0.000000,0.000000,-0.001385,0.000000,98855418961478759856734208.000000,-0.166589,-0.000000,16188526592.000000,0,202
101,12008,11923,0,0,-0.229842,-0.331886,9.902087,0.625404,0.219405,-0.098038,-27.981857,43.177055,-33.075123,-5333.000000,4031.000000,-2263.000000,69.068410,-92.334616,124.703859,0.626989,-0.344211,-0.623534,0.315609,1212.342163,87491.382812,8.177544,0.278442,0.278442,0.258808,21.000000,22.538157,0,202
101,14066,13941,0,0,-0.205206,-0.345022,9.907041,-0.503962,-0.319832,-0.223039,-27.865751,43.199944,-32.417423,-5323.000000,4035.000000,-2218.000000,66.567297,-92.300738,122.197890,0.626364,-0.344040,-0.624194,0.315731,1212.418701,87494.265625,0.139039,0.421021,0.354980,0.393357,21.000000,22.570894,0,202
101,16179,16026,0,0,-0.221792,-0.345570,9.897728,-0.800213,0.243255,0.128192,-27.847418,43.096958,-32.125111,-5320.000000,4017.000000,-2198.000000,65.708913,-92.254559,121.497946,0.625702,-0.344636,-0.623953,0.316869,1212.389648,87495.093750,-0.082589,0.497803,0.325928,0.461267,21.000000,22.603632,0,202
101,18234,18122,0,0,-0.210617,-0.332555,9.896305,0.138576,-0.173204,-0.055195,-27.584648,43.074078,-32.695118,-5277.000000,4013.000000,-2237.000000,66.740572,-92.252046,122.670812,0.625560,-0.345371,-0.623280,0.317673,1212.490601,87491.585938,-0.134280,0.534180,0.426880,0.371835,21.000000,22.622339,0,202
101,20294,20140,0,0,-0.219572,-0.344985,9.890189,0.091384,-0.094583,-0.655358,-27.688536,43.034027,-32.592808,-5294.000000,4006.000000,-2230.000000,66.814031,-92.393813,122.584465,0.626076,-0.345364,-0.623656,0.315922,1212.419189,87493.648438,0.081691,0.534180,0.355469,0.422066,21.000000,22.641047,0,202
101,22352,22211,0,0,-0.217462,-0.350405,9.902213,0.510365,-0.379179,-0.029393,-27.847418,43.239986,-33.235897,-5320.000000,4042.000000,-2274.000000,66.033593,-92.384831,121.823800,0.625818,-0.345432,-0.623801,0.316071,1212.406982,87494.843750,-0.081303,0.534180,0.343262,0.347436,21.000000,22.678461,0,202
101,24425,24306,0,0,-0.216333,-0.345779,9.900721,0.086002,-0.680903,0.025991,-27.951303,43.234264,-32.914352,-5337.000000,4041.000000,-2252.000000,65.290140,-92.344895,121.213359,0.625250,-0.345924,-0.623609,0.317033,1212.458496,87492.648438,0.079730,0.534180,0.394775,0.354509,21.125000,22.687815,0,202
101,26513,26324,0,0,-0.225059,-0.351973,9.899588,0.004591,0.034058,-0.340233,-27.816862,43.131287,-32.358959,-5315.000000,4023.000000,-2214.000000,65.360088,-92.383971,121.305348,0.625217,-0.346281,-0.623506,0.316912,1212.432617,87493.468750,0.047261,0.534180,0.368896,0.494004,21.125000,22.720552,0,202
101,28601,28476,0,0,-0.221020,-0.345152,9.905097,-0.419512,-0.148175,0.303954,-27.780197,43.234264,-33.118973,-5309.000000,4041.000000,-2266.000000,66.064049,-92.339301,122.156239,0.624976,-0.346796,-0.622906,0.318002,1212.394287,87495.023438,-0.086864,0.534180,0.330566,0.458340,21.125000,22.743935,0,202
101,30689,30576,0,0,-0.212787,-0.362379,9.894341,-0.377644,0.496601,-0.165409,-28.097963,42.913883,-33.250511,-5361.000000,3985.000000,-2275.000000,65.086505,-92.432014,120.421330,0.626835,-0.343252,-0.625393,0.313274,1212.388794,87494.523438,-0.105866,0.534180,0.325073,0.328631,21.125000,22.767319,0,202
101,32814,32731,0,0,-0.221593,-0.351867,9.910474,0.287694,0.272419,0.446983,-28.061302,43.091240,-32.870502,-5355.000000,4016.000000,-2249.000000,65.480935,-92.305799,121.290786,0.625602,-0.345066,-0.623921,0.316661,1212.491699,87493.507812,0.034811,0.534180,0.427979,0.463402,21.125000,22.795380,0,202
101,34881,34749,0,0,-0.208949,-0.347876,9.910587,1.001969,1.086308,0.555625,-27.877974,43.165615,-33.279743,-5325.000000,4029.000000,-2277.000000,65.244665,-92.344752,120.990791,0.625728,-0.344960,-0.624154,0.316067,1212.498291,87491.085938,-0.046592,0.534180,0.434570,0.437669,21.125000,22.809410,0,202
101,36953,36800,0,0,-0.208670,-0.335387,9.912592,-0.274427,0.154894,-0.192673,-27.792421,43.342968,-33.002045,-5311.000000,4060.000000,-2258.000000,66.812938,-92.363624,122.537022,0.626191,-0.344928,-0.623814,0.315856,1212.556152,87492.265625,-0.042168,0.538086,0.492432,0.503623,21.250000,22.809410,0,202
101,39041,38915,0,0,-0.215681,-0.353019,9.907591,-0.912221,-0.171084,-0.656060,-27.890196,43.211380,-32.432037,-5327.000000,4037.000000,-2219.000000,65.656074,-92.390999,121.423224,0.625786,-0.345350,-0.623965,0.315900,1212.518311,87493.093750,0.240053,0.555054,0.454590,0.456265,21.250000,22.860853,0,202
101,41129,41015,0,0,-0.219028,-0.348543,9.915001,-0.142271,0.490412,0.241100,-27.877974,43.154171,-32.154339,-5325.000000,4027.000000,-2200.000000,67.365801,-92.389551,123.090555,0.626341,-0.345077,-0.623654,0.315711,1212.435913,87493.984375,-0.082358,0.555054,0.372192,0.350401,21.250000,22.879559,0,202
101,43217,43072,0,0,-0.227949,-0.352111,9.904682,-0.380186,0.087688,0.673763,-27.780197,42.896721,-32.329731,-5309.000000,3982.000000,-2212.000000,66.521077,-92.311236,122.222765,0.626160,-0.344492,-0.623986,0.316054,1212.561279,87490.679688,0.135088,0.555054,0.497559,0.429812,21.250000,22.893589,0,202
101,45305,45180,0,0,-0.220906,-0.338421,9.894376,-0.096749,-0.334146,-0.554242,-28.000193,43.239986,-33.075123,-5345.000000,4042.000000,-2263.000000,66.408918,-92.400725,121.889848,0.626770,-0.343837,-0.624626,0.314289,1212.462646,87494.578125,0.009364,0.555054,0.398926,0.461865,21.250000,22.916973,0,202
101,47393,47203,0,0,-0.222842,-0.344875,9.914921,0.303114,0.073412,-0.108287,-28.073523,43.022583,-33.308975,-5357.000000,4004.000000,-2279.000000,65.993909,-92.374320,121.586287,0.626349,-0.344291,-0.624412,0.315055,1212.452148,87494.367188,0.002626,0.555054,0.388428,0.463413,21.250000,22.940355,0,202
101,49520,49434,0,0,-0.215897,-0.352461,9.901116,-0.378124,-0.264091,0.299477,-27.932972,43.297199,-32.358959,-5334.000000,4052.000000,-2214.000000,65.704951,-92.390459,121.489340,0.625751,-0.345440,-0.623900,0.315999,1212.486084,87492.390625,-0.054176,0.555054,0.422363,0.424788,21.375000,22.963737,0,202
101,51600,51459,0,0,-0.219829,-0.342578,9.899769,0.859133,0.786665,0.436415,-27.981857,43.051189,-33.133587,-5342.000000,4009.000000,-2267.000000,66.286487,-92.294687,121.840999,0.626502,-0.343594,-0.624495,0.315348,1212.485229,87492.320312,0.001035,0.555054,0.421509,0.395646,21.375000,22.977768,0,202
101,53679,53531,0,0,-0.225015,-0.354979,9.892458,-0.198969,-0.082453,-0.291483,-27.731312,43.114124,-33.455132,-5301.000000,4020.000000,-2289.000000,66.139467,-92.359409,121.804621,0.626182,-0.344594,-0.624165,0.315548,1212.499634,87493.359375,0.040370,0.555054,0.435913,0.529979,21.375000,23.005827,0,202
101,55757,55675,0,0,-0.219189,-0.335522,9.902633,-0.016703,0.102560,0.022160,-27.810753,42.931049,-32.782810,-5314.000000,3988.000000,-2243.000000,67.424848,-92.389681,123.207884,0.626196,-0.345393,-0.623464,0.316030,1212.481323,87490.421875,-0.167656,0.584473,0.417603,0.323852,21.250000,23.024534,0,202
101,57837,57707,0,0,-0.208188,-0.341291,9.904978,0.338344,0.726080,-0.459483,-27.645758,43.365852,-32.417423,-5287.000000,4064.000000,-2218.000000,65.673908,-92.388137,121.307998,0.626157,-0.344608,-0.624362,0.315192,1212.518555,87492.781250,0.172263,0.584473,0.454834,0.514919,21.375000,23.043240,0,202
101,59965,59874,0,0,-0.205253,-0.340587,9.898479,-0.347491,0.143025,0.311669,-28.006302,43.280037,-32.928967,-5346.000000,4049.000000,-2253.000000,65.989429,-92.378643,121.821506,0.625689,-0.345623,-0.623690,0.316337,1212.577881,87490.648438,0.160907,0.584473,0.514160,0.480879,21.375000,23.057270,0,202
101,62020,61889,0,0,-0.213826,-0.351362,9.906544,-0.048780,-0.098334,0.617779,-27.871862,43.091240,-32.358959,-5324.000000,4016.000000,-2214.000000,66.538644,-92.403724,122.169203,0.626394,-0.344668,-0.624142,0.315091,1212.507446,87494.039062,-0.114390,0.584473,0.443726,0.432201,21.375000,23.085327,0,202
101,64097,63982,0,0,-0.216400,-0.336574,9.892425,0.113865,-0.192931,0.099821,-27.792421,43.131287,-32.534348,-5311.000000,4023.000000,-2226.000000,66.904032,-92.316297,122.739018,0.625889,-0.345241,-0.623487,0.316758,1212.514404,87491.984375,-0.097477,0.584473,0.450684,0.450755,21.375000,23.104034,0,202
101,66211,66060,0,0,-0.209501,-0.337141,9.905245,-0.261730,-0.078026,0.055563,-27.987968,43.285755,-32.768196,-5343.000000,4050.000000,-2242.000000,66.158401,-92.317861,122.150065,0.625271,-0.346117,-0.623199,0.317589,1212.603149,87492.281250,0.036967,0.584473,0.539429,0.560278,21.375000,23.122740,0,202
101,68273,68155,0,0,-0.219693,-0.342363,9.891761,-0.377282,-0.180158,0.197892,-27.774086,43.211380,-32.168957,-5308.000000,4037.000000,-2201.000000,66.792597,-92.354901,122.688065,0.625710,-0.345807,-0.623308,0.316846,1212.466553,87493.828125,-0.293497,0.697021,0.402832,0.406875,21.375000,23.146122,0,202
101,70361,70172,0,0,-0.210103,-0.336533,9.912359,-0.681634,-0.142300,-0.257349,-27.749643,43.234264,-31.993568,-5304.000000,4041.000000,-2189.000000,66.461053,-92.279865,122.534031,0.625106,-0.346322,-0.622900,0.318274,1212.592896,87491.546875,-0.278199,0.737549,0.529175,0.527222,21.500000,23.169504,0,202
101,72449,72323,0,0,-0.216908,-0.345362,9.895197,-0.050917,-0.267825,-0.441607,-27.920752,43.217102,-32.168957,-5332.000000,4038.000000,-2201.000000,66.366633,-92.360099,122.131432,0.625965,-0.345137,-0.623807,0.316092,1212.565186,87493.539062,0.073465,0.737549,0.501465,0.505294,21.375000,23.183535,0,202
101,74536,74420,0,0,-0.218875,-0.358649,9.906811,0.180641,0.474939,-0.247578,-27.719088,43.365852,-32.899738,-5299.000000,4064.000000,-2251.000000,64.479158,-92.406469,120.524371,0.624718,-0.346974,-0.623421,0.317305,1212.742676,87490.156250,0.014854,0.769775,0.678955,0.659400,21.375000,23.192886,0,202
101,76624,76436,0,0,-0.226738,-0.352685,9.913318,0.173300,0.054924,0.719288,-27.816862,43.308640,-32.125111,-5315.000000,4054.000000,-2198.000000,67.099669,-92.390309,122.946834,0.625936,-0.345754,-0.623353,0.316369,1212.584595,87491.851562,-0.092546,0.769775,0.520874,0.643107,21.375000,23.225622,0,202
101,78712,78586,0,0,-0.221976,-0.343553,9.905992,0.284768,0.201980,0.249030,-28.134632,43.280037,-32.344345,-5367.000000,4049.000000,-2186.000000,65.106989,-92.393622,121.096672,0.625031,-0.346585,-0.623433,0.317090,1212.658203,87490.523438,-0.037487,0.769775,0.594482,0.578722,21.375000,23.234974,0,202
101,80800,80686,0,0,-0.212011,-0.352532,9.902694,0.144141,0.026169,-0.019611,-27.578537,43.251427,-32.534348,-5276.000000,4044.000000,-2226.000000,64.931610,-92.378780,121.022387,0.624703,-0.347047,-0.623178,0.317732,1212.757935,87487.507812,0.076333,0.769775,0.694214,0.692749,21.500000,23.249002,0,202
101,82922,82841,0,0,-0.216143,-0.355815,9.900808,-0.230420,0.097089,0.340309,-27.700756,43.239986,-32.622040,-5296.000000,4042.000000,-2232.000000,64.983950,-92.385508,121.120072,0.624592,-0.347334,-0.623025,0.317938,1212.666382,87490.523438,-0.110178,0.769775,0.602661,0.608151,21.500000,23.272385,0,202
101,84990,84863,0,0,-0.217918,-0.363324,9.907999,0.884782,0.177817,-0.304367,-27.786308,43.125568,-32.505116,-5329.000000,4019.000000,-2219.000000,65.177818,-92.448475,120.954905,0.625648,-0.345762,-0.624032,0.315590,1212.607056,87490.820312,-0.024153,0.769775,0.543335,0.544962,21.500000,23.291090,0,202
101,87064,86915,0,0,-0.213993,-0.342444,9.910523,0.025180,0.526923,0.442756,-27.829086,43.314365,-32.110493,-5317.000000,4055.000000,-2197.000000,65.850161,-92.331720,121.941976,0.624920,-0.346752,-0.622965,0.318044,1212.647705,87492.585938,0.152648,0.769775,0.583984,0.658912,21.500000,23.309795,0,202
101,89152,89026,0,0,-0.209019,-0.339665,9.909123,-0.009437,-0.073553,0.129341,-27.853531,43.119843,-32.329731,-5321.000000,4021.000000,-2212.000000,66.751152,-92.335278,122.538908,0.625989,-0.345103,-0.623655,0.316379,1212.769287,87490.007812,-0.086507,0.846436,0.705566,0.824519,21.625000,23.333178,0,202
101,91240,91127,0,0,-0.214078,-0.356435,9.902493,0.035326,-0.359862,-0.307182,-27.969637,43.034027,-32.432037,-5340.000000,4006.000000,-2219.000000,66.393346,-92.379517,122.214474,0.625823,-0.345561,-0.623619,0.316279,1212.746338,87491.257812,0.117513,0.846436,0.682617,0.735800,21.500000,23.356560,0,202
101,93328,93179,0,0,-0.218970,-0.340114,9.901914,-0.221830,-0.097481,0.019874,-27.700756,43.257149,-32.505116,-5296.000000,4045.000000,-2224.000000,65.677269,-92.287809,121.553257,0.625463,-0.345313,-0.623682,0.317136,1212.734131,87489.859375,-0.056929,0.846436,0.670410,0.689627,21.625000,23.361235,0,202
101,95416,95290,0,0,-0.221606,-0.353449,9.895358,0.345293,0.020877,0.540626,-27.816862,43.114124,-32.797428,-5315.000000,4020.000000,-2244.000000,66.349714,-92.414085,122.086968,0.626055,-0.345316,-0.623863,0.315606,1212.760254,87488.320312,-0.015158,0.857788,0.696533,0.693921,21.625000,23.375265,0,202
101,97504,97314,0,0,-0.210374,-0.353768,9.908198,0.090633,0.191051,-0.152876,-27.731312,42.988258,-32.461269,-5301.000000,3998.000000,-2221.000000,65.220677,-92.387666,121.023589,0.625575,-0.345531,-0.623970,0.316110,1212.747559,87491.625000,0.016491,0.857788,0.683838,0.750188,21.625000,23.398645,0,202
101,99630,99545,0,0,-0.210308,-0.337677,9.905849,-0.648635,0.230989,0.202926,-27.609093,43.251427,-32.358959,-5281.000000,4044.000000,-2214.000000,65.807411,-92.299727,121.914902,0.624856,-0.346643,-0.622945,0.318327,1212.732300,87492.210938,-0.239062,0.857788,0.668579,0.670893,21.625000,23.417351,0,202
101,101705,101567,0,0,-0.214239,-0.339120,9.903078,-0.416706,-0.275472,0.044807,-27.682423,42.959656,-33.308975,-5293.000000,3993.000000,-2279.000000,65.062114,-92.375501,120.998331,0.625164,-0.346185,-0.623614,0.316911,1212.696289,87489.859375,0.027481,0.857910,0.632568,0.606987,21.625000,23.436056,0,202
101,103782,103702,0,0,-0.219973,-0.342142,9.903860,-0.525316,-0.009849,-0.148584,-27.609093,43.096958,-32.972816,-5281.000000,4017.000000,-2256.000000,67.161851,-92.345776,122.961929,0.626063,-0.345225,-0.623508,0.316390,1212.763306,87488.531250,-0.054098,0.857910,0.699585,0.618288,21.750000,23.445408,0,202
101,105864,105730,0,0,-0.214091,-0.341689,9.918107,-0.433644,-0.342254,0.097669,-27.688536,43.297199,-32.402809,-5294.000000,4052.000000,-2217.000000,66.028176,-92.328072,122.069838,0.625103,-0.346454,-0.623074,0.317796,1212.797485,87490.070312,0.004525,0.857910,0.733765,0.730836,21.750000,23.468790,0,202
101,107944,107833,0,0,-0.220664,-0.350942,9.905600,-0.307958,0.261189,-0.026376,-27.511316,43.251427,-31.993568,-5265.000000,4044.000000,-2189.000000,67.119757,-92.390186,123.118586,0.625522,-0.346577,-0.622890,0.317199,1212.826294,87488.453125,-0.049824,0.857910,0.762573,0.706859,21.625000,23.478142,0,202
101,110032,109890,0,0,-0.220205,-0.345196,9.903433,0.030199,-0.027345,0.480638,-27.761866,42.993980,-32.008186,-5306.000000,3999.000000,-2190.000000,65.577063,-92.333222,121.360044,0.625707,-0.345085,-0.623965,0.316345,1212.862549,87487.859375,0.005828,0.947388,0.798828,0.954335,21.750000,23.496847,0,202
101,112159,112073,0,0,-0.216652,-0.348097,9.899118,0.598123,0.391610,0.025214,-27.761866,43.085518,-33.221279,-5306.000000,4015.000000,-2273.000000,66.352925,-92.358146,122.291832,0.625480,-0.346072,-0.623286,0.317054,1212.797363,87489.328125,-0.084142,0.947388,0.733643,0.688105,21.625000,23.515551,0,202
101,114215,114089,0,0,-0.217920,-0.349114,9.898143,-0.189395,-0.507124,0.000589,-27.706867,42.965378,-33.235897,-5297.000000,3994.000000,-2274.000000,66.037179,-92.334104,121.918931,0.625550,-0.345621,-0.623552,0.316886,1212.896851,87488.664062,-0.050350,0.976807,0.833130,0.689520,21.750000,23.529579,0,202
101,116324,116170,0,0,-0.210473,-0.337589,9.904006,-0.886212,0.269568,0.467645,-27.719088,43.148449,-33.075123,-5299.000000,4026.000000,-2263.000000,66.032514,-92.300226,121.941935,0.625462,-0.345565,-0.623488,0.317247,1212.863892,87488.656250,-0.007695,0.976807,0.800171,0.802514,21.750000,23.548285,0,202
101,118384,118268,0,0,-0.217554,-0.356349,9.908944,0.123371,-0.252108,0.211114,-27.572426,43.022583,-32.914352,-5275.000000,4004.000000,-2252.000000,66.172246,-92.422835,121.808364,0.626290,-0.344822,-0.624209,0.314995,1212.821655,87489.242188,-0.076166,0.976807,0.757935,0.759188,21.750000,23.566990,0,202
101,120438,120282,0,0,-0.211148,-0.347467,9.909937,0.544303,-0.131423,-0.286614,-28.036854,43.034027,-32.125111,-5351.000000,4006.000000,-2198.000000,65.258120,-92.378397,121.010352,0.625722,-0.345198,-0.624118,0.315891,1212.939941,87486.078125,0.171330,0.976807,0.876221,0.729389,21.750000,23.571665,0,202
101,122494,122410,0,0,-0.208952,-0.343495,9.900564,0.282519,0.082798,-0.062506,-27.682423,43.211380,-34.171295,-5293.000000,4037.000000,-2338.000000,66.757053,-92.346992,122.564412,0.625941,-0.345281,-0.623588,0.316413,1212.890625,87491.445312,0.387349,0.976807,0.826904,0.957649,21.750000,23.595047,0,202
101,124555,124429,0,0,-0.217479,-0.347966,9.901029,-1.041648,-0.320210,-0.024622,-27.774086,43.148449,-33.045895,-5308.000000,4026.000000,-2261.000000,66.696469,-92.374074,122.578372,0.625730,-0.345852,-0.623362,0.316651,1212.952515,87486.289062,-0.017760,0.976807,0.888794,0.919556,21.750000,23.604399,0,202
101,126618,126527,0,0,-0.212903,-0.340674,9.888721,-0.464082,0.065429,0.122378,-27.664091,43.039749,-32.227417,-5290.000000,4007.000000,-2205.000000,66.092080,-92.326365,122.003120,0.625480,-0.345732,-0.623454,0.317095,1213.001221,87486.507812,0.130744,1.003906,0.937500,0.936776,21.750000,23.618427,0,202
101,128683,128577,0,0,-0.216733,-0.343385,9.906325,0.128906,-0.206124,0.362992,-27.780197,43.039749,-32.841274,-5309.000000,4007.000000,-2247.000000,66.592241,-92.332608,122.496342,0.625627,-0.345723,-0.623346,0.317028,1212.936157,87489.218750,-0.212066,1.050293,0.872437,0.909469,21.875000,23.641808,0,202
101,130746,130609,0,0,-0.214725,-0.332189,9.905676,0.234933,-0.130513,0.006494,-27.719088,43.085518,-33.513596,-5299.000000,4015.000000,-2293.000000,64.842025,-92.358658,120.908692,0.624743,-0.346794,-0.623283,0.317724,1212.978149,87488.851562,0.060985,1.050293,0.914429,1.042536,21.875000,23.655836,0,202
101,132863,132775,0,0,-0.210749,-0.332390,9.909541,-1.147441,-0.435904,-0.510066,-27.896303,43.308640,-32.402809,-5328.000000,4054.000000,-2217.000000,65.644695,-92.335244,121.507440,0.625504,-0.345531,-0.623707,0.316769,1213.016724,87486.640625,-0.020637,1.050293,0.953003,0.930537,21.750000,23.665188,0,202
101,134930,134796,0,0,-0.213513,-0.352482,9.901010,0.329881,0.041141,0.151158,-27.841307,43.108402,-32.402809,-5319.000000,4019.000000,-2217.000000,65.353176,-92.330852,120.852548,0.626432,-0.343528,-0.624875,0.314807,1213.024292,87489.351562,0.142796,1.085205,0.960571,1.096200,21.875000,23.688568,0,202
101,136998,136844,0,0,-0.213025,-0.353573,9.896833,-0.159952,-0.287672,0.149634,-27.896303,43.028305,-33.440514,-5328.000000,4005.000000,-2288.000000,66.488354,-92.299058,122.062092,0.626500,-0.343722,-0.624385,0.315429,1212.986328,87488.695312,0.094437,1.085205,0.922607,1.024004,21.875000,23.683891,0,202
101,139086,138961,0,0,-0.222101,-0.333037,9.913905,-0.217738,-0.690568,-0.342323,-27.810753,42.999702,-33.162819,-5314.000000,4000.000000,-2269.000000,67.187895,-92.326208,122.899132,0.626306,-0.344622,-0.623782,0.316026,1212.963257,87487.945312,-0.167139,1.085205,0.899536,0.893223,21.875000,23.711948,0,202
101,141174,141061,0,0,-0.219959,-0.339096,9.896496,0.312155,0.306027,0.367074,-27.877974,43.068356,-32.753582,-5325.000000,4012.000000,-2241.000000,65.519204,-92.338379,121.432485,0.625334,-0.345827,-0.623584,0.317023,1213.085205,87487.054688,0.096517,1.085205,1.021484,1.034657,21.875000,23.730654,0,202
101,143262,143113,0,0,-0.211204,-0.339876,9.906151,-1.006908,-0.040757,0.259208,-27.706867,43.205662,-33.528210,-5317.000000,4036.000000,-2294.000000,65.926420,-92.313176,121.857528,0.625379,-0.345763,-0.623442,0.317284,1213.044922,87486.609375,0.042678,1.085205,0.981201,0.980636,21.875000,23.740005,0,202
101,145350,145225,0,0,-0.217701,-0.339554,9.903399,0.040330,0.355688,-0.059564,-27.596872,43.068356,-32.665886,-5279.000000,4012.000000,-2235.000000,65.830408,-92.295554,121.947550,0.624834,-0.346669,-0.622913,0.318406,1213.097168,87485.718750,0.109473,1.085205,1.033447,1.038112,21.875000,23.758709,0,202
101,147438,147249,0,0,-0.218498,-0.343309,9.898782,-0.806565,-0.052127,0.004024,-27.780197,43.194221,-30.941244,-5309.000000,4034.000000,-2117.000000,65.450998,-92.336310,121.217239,0.625723,-0.345015,-0.624046,0.316232,1213.092041,87487.335938,0.124953,1.085205,1.028320,1.095847,21.875000,23.768061,0,202
101,149559,149480,0,0,-0.207099,-0.336347,9.901185,0.556231,0.021421,-0.124027,-27.890196,43.217102,-32.110493,-5327.000000,4038.000000,-2197.000000,64.817423,-92.366984,121.003631,0.624407,-0.347496,-0.622923,0.318324,1212.953735,87487.914062,-0.013943,1.109741,0.890015,0.908812,21.875000,23.786764,0,202
101,151635,151503,0,0,-0.216588,-0.362759,9.904832,-0.065450,0.396430,0.151612,-27.566317,43.045471,-31.891260,-5274.000000,4008.000000,-2182.000000,64.875678,-92.442519,120.839693,0.625052,-0.346747,-0.623549,0.316643,1212.966064,87487.835938,-0.046109,1.109741,0.902344,0.904163,21.875000,23.800793,0,202
101,153714,153577,0,0,-0.209753,-0.330184,9.919742,-0.222586,0.164346,-0.187889,-27.712976,42.988258,-32.505116,-5298.000000,3998.000000,-2224.000000,65.695492,-92.473241,121.558653,0.625554,-0.346373,-0.623623,0.315914,1213.041992,87486.875000,-0.049660,1.109741,0.978271,0.918526,22.000000,23.814821,0,202
101,155789,155677,0,0,-0.208405,-0.348573,9.902837,0.297504,0.134929,0.354938,-27.682423,43.159893,-33.308975,-5293.000000,4028.000000,-2279.000000,64.951459,-92.348426,120.874390,0.625167,-0.345949,-0.623694,0.317005,1213.162109,87486.796875,0.203950,1.187500,1.098389,1.098070,21.875000,23.828850,0,202
101,157877,157732,0,0,-0.212728,-0.345827,9.899330,0.156492,-0.404797,0.794339,-27.822973,43.325802,-33.177433,-5316.000000,4057.000000,-2270.000000,65.830579,-92.310997,121.650655,0.625662,-0.345148,-0.623801,0.316689,1213.135376,87487.820312,0.121986,1.187500,1.071655,1.139667,22.000000,23.838202,0,202
101,159965,159843,0,0,-0.215510,-0.348427,9.901847,0.331827,0.926293,-0.219056,-27.560205,43.114124,-32.607426,-5273.000000,4020.000000,-2231.000000,65.721446,-92.369265,121.737836,0.625108,-0.346573,-0.623206,0.317397,1213.249512,87484.726562,0.182650,1.187988,1.185791,1.181336,22.125000,23.847553,0,202
101,162053,161866,0,0,-0.216742,-0.338158,9.900491,-0.936640,0.253965,0.341551,-27.786308,43.394459,-33.294357,-5310.000000,4069.000000,-2278.000000,66.592575,-92.408498,122.557964,0.625486,-0.346518,-0.623115,0.316891,1213.131104,87485.890625,-0.074694,1.187988,1.067383,1.059942,22.000000,23.866257,0,202
101,164179,164094,0,0,-0.213031,-0.347338,9.909695,-0.204922,0.259819,-0.126514,-27.578537,43.257149,-32.271267,-5276.000000,4045.000000,-2208.000000,65.407053,-92.354533,121.521769,0.624752,-0.347023,-0.622996,0.318020,1213.201172,87486.250000,0.162252,1.187988,1.137451,1.133790,22.000000,23.889637,0,202
101,166292,166182,0,0,-0.213347,-0.347516,9.895709,-0.570178,0.755793,0.202219,-27.529652,43.051189,-32.052032,-5268.000000,4009.000000,-2193.000000,65.352438,-92.414201,121.371765,0.625017,-0.346869,-0.623270,0.317128,1213.027710,87486.093750,-0.140940,1.187988,0.963989,0.979744,22.000000,23.898989,0,202
101,168343,168194,0,0,-0.207281,-0.331952,9.908249,-0.069641,0.340326,0.154315,-27.859642,43.154171,-33.104355,-5322.000000,4027.000000,-2265.000000,65.811810,-92.299925,121.607079,0.625723,-0.344945,-0.623886,0.316623,1213.104980,87487.414062,-0.139387,1.203857,1.041260,1.163521,22.125000,23.908340,0,202
101,170405,170285,0,0,-0.217876,-0.350015,9.898506,-0.269447,-0.149754,0.110742,-27.676315,42.959656,-32.899738,-5292.000000,3993.000000,-2251.000000,66.492602,-92.252496,122.214733,0.626076,-0.344246,-0.623966,0.316529,1213.151001,87484.093750,-0.022467,1.203857,1.087280,1.015809,22.125000,23.922367,0,202
101,172493,172380,0,0,-0.226285,-0.349627,9.898089,0.113323,0.038246,0.561087,-27.535763,42.908161,-32.402809,-5269.000000,3984.000000,-2217.000000,65.302353,-92.300704,121.227580,0.625237,-0.345665,-0.623620,0.317319,1213.144897,87486.664062,-0.031878,1.261108,1.081177,1.133747,22.000000,23.936396,0,202
101,174581,174427,0,0,-0.225181,-0.343207,9.899172,-0.223801,-0.076723,0.403634,-27.554092,43.005424,-32.665886,-5272.000000,4001.000000,-2235.000000,67.337052,-92.374497,123.269232,0.625755,-0.346114,-0.623046,0.316937,1213.098145,87488.726562,-0.243943,1.261108,1.034424,1.042374,22.125000,23.936396,0,202
101,176669,176543,0,0,-0.213472,-0.339793,9.904303,0.373517,0.266829,0.292866,-27.639647,43.039749,-32.139725,-5286.000000,4007.000000,-2199.000000,65.074163,-92.335722,120.998304,0.625192,-0.345876,-0.623665,0.317093,1213.185303,87485.914062,-0.033044,1.265991,1.121582,1.271290,22.125000,23.964451,0,202
101,178757,178639,0,0,-0.211670,-0.336653,9.901020,-0.321377,-0.354179,0.278675,-27.584648,43.074078,-32.052032,-5277.000000,4013.000000,-2193.000000,66.130841,-92.300014,122.159600,0.625155,-0.346211,-0.623103,0.317902,1213.204712,87485.390625,0.087976,1.265991,1.140991,1.140479,22.000000,23.969126,0,202
101,180845,180657,0,0,-0.232324,-0.334633,9.889714,0.189825,0.505101,-0.676779,-27.719088,43.125568,-32.724350,-5299.000000,4022.000000,-2239.000000,67.301194,-92.360543,123.121577,0.626048,-0.345422,-0.623402,0.316412,1213.303833,87483.109375,0.003244,1.265991,1.240112,1.188319,22.000000,23.973803,0,202
101,182960,182882,0,0,-0.205697,-0.339617,9.903296,1.041164,-0.007558,0.312401,-27.639647,42.868114,-32.592808,-5286.000000,3977.000000,-2230.000000,65.366140,-92.295930,121.202171,0.625499,-0.345150,-0.623876,0.316863,1213.259766,87484.640625,0.096296,1.265991,1.196045,1.194868,22.125000,23.997181,0,202
101,185028,184904,0,0,-0.219934,-0.344380,9.909608,0.287264,-0.107708,0.062566,-27.694643,42.896721,-31.891260,-5295.000000,3982.000000,-2182.000000,65.980679,-92.337259,122.052202,0.625011,-0.346673,-0.622991,0.317901,1213.264648,87484.554688,0.153759,1.265991,1.200928,1.206764,22.125000,24.011209,0,202
101,187109,186956,0,0,-0.211036,-0.355494,9.907705,0.231698,0.479695,0.097846,-27.627426,43.039749,-31.482023,-5284.000000,4007.000000,-2154.000000,66.025704,-92.337157,121.809348,0.625819,-0.345105,-0.623849,0.316331,1213.334473,87483.898438,0.120594,1.307251,1.270752,1.247844,22.125000,24.006533,0,202
101,189197,189071,0,0,-0.224394,-0.334817,9.904121,-0.214965,0.132210,0.749122,-27.706867,43.125568,-31.321251,-5297.000000,4022.000000,-2143.000000,66.434457,-92.470284,122.467464,0.625280,-0.347265,-0.622915,0.316873,1213.278320,87484.023438,0.123893,1.336670,1.214600,1.207685,22.125000,24.034588,0,202
101,191285,191170,0,0,-0.214762,-0.351846,9.899433,0.662005,0.570938,0.459644,-27.462431,43.062634,-32.358959,-5257.000000,4011.000000,-2225.000000,65.724117,-92.414659,121.547096,0.625656,-0.345797,-0.623767,0.316059,1213.292480,87483.351562,0.257689,1.336670,1.228760,1.228086,22.125000,24.048616,0,202
101,193373,193224,0,0,-0.226595,-0.341023,9.900292,0.238138,0.346673,0.750923,-27.890196,43.125568,-32.256653,-5327.000000,4022.000000,-2207.000000,67.889690,-92.368200,123.602259,0.626498,-0.344868,-0.623572,0.315790,1213.268311,87484.085938,0.086728,1.336670,1.204590,1.202476,22.125000,24.057968,0,202
101,195461,195335,0,0,-0.214155,-0.360042,9.898322,-0.181191,0.085615,-0.664654,-27.719088,43.297199,-32.607426,-5299.000000,4052.000000,-2231.000000,66.194703,-92.281914,122.296313,0.624962,-0.346495,-0.622878,0.318413,1213.246948,87484.593750,0.127778,1.336670,1.183228,1.106813,22.250000,24.071995,0,202
101,197549,197437,0,0,-0.211624,-0.345803,9.904738,-0.290032,-0.437536,-0.435034,-27.694643,43.016865,-31.847414,-5295.000000,4003.000000,-2179.000000,65.586789,-92.343912,121.465653,0.625448,-0.345672,-0.623669,0.316802,1213.153076,87485.023438,-0.238586,1.336670,1.089355,1.095743,22.125000,24.081347,0,202
101,199679,199591,0,0,-0.216275,-0.343767,9.896643,-0.028051,-0.163519,0.176030,-27.712976,42.953934,-31.335867,-5298.000000,3992.000000,-2144.000000,65.513283,-92.307281,121.554459,0.624970,-0.346333,-0.623215,0.317914,1213.289917,87485.015625,0.001739,1.336670,1.226196,1.262902,22.125000,24.100050,0,202
101,201755,201616,0,0,-0.211778,-0.345959,9.902237,-0.251040,0.152735,-0.149662,-27.798532,43.102680,-30.882782,-5312.000000,4018.000000,-2113.000000,65.597205,-92.345735,121.472742,0.625460,-0.345665,-0.623675,0.316773,1213.220337,87486.406250,-0.012036,1.336670,1.156616,1.157741,22.250000,24.114077,0,202
101,203832,203687,0,0,-0.199726,-0.336545,9.903456,-0.293727,0.196924,-0.042527,-27.743532,42.953934,-31.818182,-5303.000000,3992.000000,-2177.000000,66.088651,-92.316536,122.151772,0.625055,-0.346499,-0.623001,0.317986,1213.312622,87484.476562,-0.080471,1.336670,1.248901,1.146539,22.250000,24.123428,0,202
101,205905,205748,0,0,-0.213184,-0.345156,9.898272,-0.009317,0.430246,-0.367314,-27.651867,42.902443,-31.964338,-5288.000000,3983.000000,-2187.000000,65.865522,-92.343195,121.635738,0.625818,-0.345072,-0.623926,0.316218,1213.350342,87484.046875,-0.002945,1.411499,1.286621,1.277012,22.250000,24.114077,0,202
101,207989,207867,0,0,-0.223557,-0.363131,9.901275,0.097045,-0.318262,0.076985,-27.664091,43.291477,-31.730488,-5306.000000,4012.000000,-2171.000000,65.636827,-92.283786,121.608813,0.625186,-0.345811,-0.623405,0.317685,1213.282227,87483.218750,-0.139090,1.411499,1.218506,1.188911,22.250000,24.137457,0,202
101,210077,209924,0,0,-0.217548,-0.342957,9.906016,-0.207570,0.249535,0.360490,-27.688536,43.131287,-32.212803,-5294.000000,4023.000000,-2204.000000,65.427564,-92.319118,121.364457,0.625241,-0.345839,-0.623545,0.317270,1213.280273,87484.031250,-0.011713,1.411499,1.216553,1.244649,22.125000,24.132780,0,202
101,212165,212043,0,0,-0.212676,-0.341465,9.907370,-0.331243,-0.018373,0.216583,-27.682423,43.159893,-32.388191,-5293.000000,4028.000000,-2216.000000,66.711612,-92.300267,122.634544,0.625592,-0.345626,-0.623279,0.317334,1213.312012,87485.476562,-0.036847,1.411499,1.248291,1.312986,22.250000,24.170187,0,202
101,214253,214100,0,0,-0.219774,-0.350561,9.901963,-0.296694,0.143875,-0.006927,-27.376877,42.936768,-31.204325,-5243.000000,3989.000000,-2135.000000,66.548698,-92.366663,122.568797,0.625308,-0.346562,-0.622986,0.317449,1213.200684,87485.546875,-0.261807,1.411499,1.136963,1.200408,22.250000,24.174862,0,202
101,216433,216353,0,0,-0.211703,-0.352282,9.901597,0.004982,-0.470620,-0.594726,-27.517427,43.137005,-31.423559,-5266.000000,4024.000000,-2150.000000,66.229278,-92.338564,122.255578,0.625199,-0.346431,-0.623065,0.317651,1213.448730,87481.476562,0.156599,1.411499,1.385010,1.341062,22.375000,24.198240,0,202
101,218489,218383,0,0,-0.217274,-0.360141,9.904260,-0.216938,-0.059323,0.286582,-27.810753,43.091240,-31.862030,-5314.000000,4016.000000,-2180.000000,66.031912,-92.306790,121.850220,0.625715,-0.345109,-0.623759,0.316709,1213.355225,87482.585938,0.070418,1.411499,1.291504,1.305356,22.250000,24.193565,0,202
101,220545,220398,0,0,-0.207297,-0.343559,9.905397,-0.641342,0.296627,-0.036758,-27.609093,42.976818,-31.218943,-5281.000000,3996.000000,-2136.000000,65.128156,-92.319706,121.105934,0.625053,-0.346069,-0.623496,0.317485,1213.313965,87484.335938,-0.093962,1.426025,1.250244,1.258244,22.250000,24.212267,0,202
101,222605,222489,0,0,-0.222573,-0.348319,9.898028,-0.310256,-0.453302,0.221807,-27.664091,43.325802,-31.672024,-5290.000000,4057.000000,-2167.000000,67.002421,-92.322752,123.119829,0.625134,-0.346814,-0.622605,0.318262,1213.343506,87485.070312,0.112471,1.426025,1.279785,1.293321,22.250000,24.221619,0,202
101,224693,224540,0,0,-0.208461,-0.342512,9.902711,-0.109796,-0.554018,-0.140972,-27.444098,43.051189,-31.715874,-5254.000000,4009.000000,-2170.000000,66.140451,-92.403314,121.933794,0.625842,-0.345559,-0.623754,0.315975,1213.403442,87481.687500,0.065835,1.426025,1.339722,1.295330,22.250000,24.212267,0,202
101,226780,226655,0,0,-0.217007,-0.340819,9.900965,-0.224645,0.085870,0.626289,-27.633535,43.011147,-33.075123,-5285.000000,4002.000000,-2263.000000,65.216825,-92.348625,121.108570,0.625320,-0.345777,-0.623721,0.316837,1213.361572,87483.578125,0.080819,1.426025,1.297852,1.310740,22.250000,24.240322,0,202
101,228868,228752,0,0,-0.213654,-0.346168,9.903212,-0.220052,-0.421896,0.090630,-27.694643,42.942493,-31.218943,-5295.000000,3990.000000,-2136.000000,66.298741,-92.367121,122.212547,0.625538,-0.345992,-0.623371,0.316861,1213.364502,87482.609375,0.127086,1.426025,1.300781,1.321217,22.375000,24.254349,0,202
101,230956,230769,0,0,-0.218597,-0.348203,9.903850,0.052746,-0.225128,0.322931,-27.560205,43.102680,-32.227417,-5273.000000,4018.000000,-2205.000000,66.103179,-92.377120,122.119957,0.625207,-0.346616,-0.623104,0.317357,1213.449585,87482.156250,0.303525,1.426025,1.385864,1.381721,22.250000,24.263700,0,202
101,233073,232994,0,0,-0.218412,-0.362842,9.902472,0.260672,0.449477,0.077766,-27.541872,43.125568,-32.841274,-5270.000000,4022.000000,-2247.000000,65.055756,-92.448919,121.045746,0.625029,-0.346925,-0.623420,0.316747,1213.409546,87482.734375,0.073141,1.426025,1.345825,1.344311,22.250000,24.282402,0,202
101,235137,235013,0,0,-0.212564,-0.344975,9.899174,0.577024,0.359512,-0.103832,-27.499096,43.251427,-32.680504,-5263.000000,4044.000000,-2236.000000,64.358311,-92.332874,120.793931,0.623590,-0.348648,-0.622296,0.319888,1213.483521,87480.375000,0.240136,1.426025,1.419800,1.355450,22.375000,24.282402,0,202
101,237220,237033,0,0,-0.215101,-0.339098,9.903932,0.564045,0.121046,0.597983,-27.688536,43.234264,-32.914352,-5294.000000,4041.000000,-2231.000000,65.893779,-92.251076,122.080616,0.624642,-0.346776,-0.622710,0.319064,1213.383301,87484.046875,0.246436,1.426025,1.319580,1.369772,22.375000,24.291754,0,202
101,239307,239181,0,0,-0.209302,-0.345731,9.898643,0.263128,-0.022244,-0.296629,-27.590761,43.114124,-31.935108,-5278.000000,4020.000000,-2185.000000,65.149821,-92.338024,121.190246,0.624889,-0.346522,-0.623293,0.317714,1213.459717,87480.718750,0.204657,1.426025,1.395996,1.388585,22.250000,24.305780,0,202
101,241395,241282,0,0,-0.214884,-0.351925,9.903136,0.405102,-0.001840,0.336365,-27.602982,43.142727,-32.008186,-5280.000000,4025.000000,-2190.000000,65.756130,-92.370351,121.869549,0.624848,-0.347106,-0.622903,0.317920,1213.347656,87481.968750,-0.136310,1.426025,1.283936,1.291497,22.375000,24.310457,0,202
101,243483,243334,0,0,-0.204091,-0.344125,9.898011,0.241594,0.152544,-0.295401,-27.505207,43.405899,-32.622040,-5264.000000,4071.000000,-2232.000000,66.159439,-92.323722,122.160843,0.625246,-0.346206,-0.623166,0.317606,1213.437012,87483.359375,0.074669,1.426025,1.373291,1.310376,22.375000,24.324484,0,202
101,245571,245445,0,0,-0.219478,-0.353710,9.902707,-0.829329,-0.001655,0.236204,-27.370766,43.068356,-32.081264,-5242.000000,4012.000000,-2195.000000,65.430207,-92.326652,121.588350,0.624630,-0.347088,-0.622872,0.318430,1213.452637,87481.726562,0.078788,1.426025,1.388916,1.359931,22.375000,24.333836,0,202
101,247659,247547,0,0,-0.213129,-0.357356,9.901394,0.380301,-0.305255,0.866500,-27.615202,42.982536,-32.607426,-5282.000000,3997.000000,-2231.000000,64.919848,-92.387563,120.881098,0.625060,-0.346396,-0.623569,0.316970,1213.341553,87483.929688,-0.069166,1.444092,1.277832,1.222406,22.375000,24.343185,0,202
101,249792,249701,0,0,-0.218805,-0.341815,9.903625,0.044757,-0.031294,0.063214,-27.529652,43.102680,-31.993568,-5267.000000,4031.000000,-2204.000000,66.555317,-92.345974,122.604368,0.625221,-0.346593,-0.622909,0.317735,1213.422363,87483.914062,0.068827,1.449097,1.358643,1.407280,22.375000,24.361889,0,202
101,251864,251721,0,0,-0.218575,-0.344881,9.903842,0.208367,-0.310866,0.153817,-27.462431,43.068356,-31.730488,-5257.000000,4012.000000,-2171.000000,65.135771,-92.382707,121.131943,0.625018,-0.346554,-0.623411,0.317194,1213.331543,87482.578125,-0.203725,1.449097,1.267822,1.220756,22.375000,24.371241,0,202
101,253936,253857,0,0,-0.222877,-0.354418,9.902787,0.236003,-0.018114,0.423696,-27.462431,43.268593,-32.505116,-5257.000000,4047.000000,-2224.000000,65.989470,-92.420922,122.163876,0.624755,-0.347742,-0.622631,0.317942,1213.470703,87482.718750,0.146150,1.449097,1.406982,1.404691,22.500000,24.380590,0,202
101,256015,255885,0,0,-0.218616,-0.356269,9.896928,0.434188,-0.083650,-0.151443,-27.621313,43.096958,-32.680504,-5283.000000,4017.000000,-2236.000000,66.076534,-92.356049,122.280467,0.624674,-0.347505,-0.622555,0.318508,1213.347168,87483.078125,-0.137529,1.449097,1.283447,1.255095,22.375000,24.385267,0,202
101,258099,257986,0,0,-0.217867,-0.352537,9.907073,0.167558,0.532689,0.124184,-27.615202,43.234264,-32.402809,-5282.000000,4041.000000,-2217.000000,66.528037,-92.321222,122.461426,0.625525,-0.345814,-0.623281,0.317257,1213.494873,87482.109375,0.072987,1.486206,1.431152,1.429126,22.375000,24.399294,0,202
101,260187,260041,0,0,-0.212791,-0.341347,9.906420,1.511746,0.078079,0.674304,-27.657982,43.016865,-31.788952,-5289.000000,4003.000000,-2175.000000,66.016695,-92.325163,121.938712,0.625431,-0.345786,-0.623440,0.317161,1213.297241,87485.195312,-0.413485,1.498535,1.233521,1.241137,22.500000,24.408644,0,202
101,262275,262153,0,0,-0.215432,-0.339251,9.907136,0.022647,-0.390370,-0.445376,-27.480762,42.896721,-33.002045,-5260.000000,3982.000000,-2258.000000,67.097757,-92.383069,123.035148,0.625683,-0.346200,-0.623086,0.316907,1213.457031,87481.132812,0.068074,1.498535,1.393311,1.404090,22.500000,24.413321,0,202
101,264363,264209,0,0,-0.222253,-0.348768,9.904791,-0.199143,0.242531,0.044187,-27.578537,43.199944,-31.862030,-5276.000000,4035.000000,-2180.000000,66.442830,-92.390938,122.507434,0.625166,-0.346954,-0.622864,0.317538,1213.350586,87483.492188,0.113224,1.498535,1.286865,1.283316,22.500000,24.413321,0,202
101,266498,266404,0,0,-0.223311,-0.343251,9.901837,0.807162,0.526105,0.199381,-27.841307,43.308640,-32.870502,-5319.000000,4054.000000,-2249.000000,66.515620,-92.316687,122.292775,0.625953,-0.344937,-0.623757,0.316432,1213.358887,87482.593750,-0.082099,1.498535,1.295166,1.302184,22.500000,24.432022,0,202
101,268629,268492,0,0,-0.208406,-0.342226,9.895942,-0.615465,-0.091801,0.218721,-27.664091,43.114124,-32.724350,-5290.000000,4020.000000,-2239.000000,65.391528,-92.318647,121.340237,0.625199,-0.345901,-0.623519,0.317337,1213.359985,87484.859375,-0.090459,1.498535,1.296265,1.299722,22.500000,24.446049,0,202
101,270682,270587,0,0,-0.212829,-0.349422,9.900272,0.668855,0.148879,0.223793,-27.547985,43.045471,-33.148201,-5271.000000,4008.000000,-2268.000000,65.534217,-92.387475,121.548680,0.625071,-0.346676,-0.623251,0.317270,1213.336670,87483.820312,-0.127561,1.498535,1.272949,1.241174,22.500000,24.455400,0,202
101,272735,272600,0,0,-0.221546,-0.352722,9.900060,0.202190,-0.401497,-0.102925,-27.609093,43.091240,-32.768196,-5281.000000,4016.000000,-2242.000000,66.749984,-92.416476,122.553989,0.625975,-0.345686,-0.623557,0.315964,1213.504761,87482.484375,0.112357,1.498535,1.441040,1.369626,22.500000,24.464750,0,202
101,274803,274650,0,0,-0.216726,-0.354691,9.900213,0.392471,0.283968,0.253059,-27.505207,42.788021,-32.417423,-5264.000000,3963.000000,-2218.000000,65.574884,-92.404168,121.426147,0.625537,-0.345890,-0.623725,0.316276,1213.402222,87481.984375,-0.138810,1.498535,1.338501,1.336236,22.500000,24.450724,0,202
101,276891,276765,0,0,-0.224710,-0.346796,9.901684,-0.928733,-0.062363,0.099145,-27.578537,42.868114,-32.812042,-5264.000000,3956.000000,-2277.000000,66.476920,-92.427356,122.229268,0.626051,-0.345476,-0.623777,0.315608,1213.345703,87483.937500,0.070141,1.498535,1.281982,1.225303,22.500000,24.483454,0,202
101,278979,278860,0,0,-0.212975,-0.337704,9.898431,-0.028625,0.596328,0.370371,-27.627426,42.902443,-33.133587,-5284.000000,3983.000000,-2267.000000,66.409868,-92.309768,122.237765,0.625784,-0.345172,-0.623635,0.316750,1213.381470,87480.921875,0.022040,1.498535,1.317749,1.314773,22.500000,24.478777,0,202
101,281067,280878,0,0,-0.215045,-0.344683,9.900392,-0.297906,-0.190175,-0.267591,-27.688536,42.999702,-32.563580,-5294.000000,4000.000000,-2228.000000,66.373449,-92.377441,122.338004,0.625421,-0.346329,-0.623192,0.317075,1213.317139,87483.625000,-0.057910,1.498535,1.253418,1.232681,22.500000,24.502155,0,202
101,283179,283100,0,0,-0.214306,-0.335267,9.901147,-0.289864,-0.232442,0.145161,-27.517427,42.976818,-33.586674,-5266.000000,3996.000000,-2298.000000,66.625879,-92.301366,122.587129,0.625465,-0.345843,-0.623184,0.317534,1213.449585,87482.148438,0.012793,1.498535,1.385864,1.382765,22.625000,24.502155,0,202
101,285243,285119,0,0,-0.199018,-0.323092,9.907845,0.641925,-0.572646,-0.388077,-27.480762,43.028305,-32.943581,-5260.000000,4005.000000,-2254.000000,65.208472,-92.300533,121.079487,0.625364,-0.345370,-0.623807,0.317023,1213.286377,87484.054688,-0.151906,1.498535,1.222656,1.214232,22.500000,24.511507,0,202
101,287331,287216,0,0,-0.222795,-0.352667,9.899640,-0.230619,0.321954,0.641559,-27.529652,43.068356,-33.542824,-5268.000000,4012.000000,-2295.000000,65.785657,-92.339718,121.846422,0.624993,-0.346633,-0.623071,0.317824,1213.403809,87482.421875,0.044338,1.498535,1.340088,1.357337,22.500000,24.520857,0,202
101,289419,289266,0,0,-0.215123,-0.341858,9.898381,-0.768137,-0.721916,-0.077676,-27.285215,43.154171,-33.192051,-5228.000000,4027.000000,-2271.000000,65.890446,-92.336706,122.181320,0.624379,-0.347863,-0.622349,0.319099,1213.411377,87482.515625,0.069912,1.498535,1.347656,1.348136,22.500000,24.506830,0,202
101,291507,291381,0,0,-0.218551,-0.341873,9.899795,0.379438,0.007587,0.652583,-27.554092,43.194221,-32.139725,-5272.000000,4034.000000,-2252.000000,66.230432,-92.268868,122.327008,0.624980,-0.346388,-0.622891,0.318467,1213.453857,87482.992188,0.043388,1.498535,1.390137,1.342909,22.625000,24.539558,0,202
101,293595,293479,0,0,-0.218791,-0.340915,9.903726,-0.030511,0.278593,-0.611035,-27.285215,43.074078,-32.855888,-5228.000000,4013.000000,-2248.000000,66.445405,-92.342218,122.691467,0.624645,-0.347643,-0.622343,0.318831,1213.340698,87484.898438,-0.117391,1.498535,1.276978,1.279460,22.625000,24.548910,0,202
101,295683,295534,0,0,-0.217948,-0.345497,9.905351,0.757089,-0.142917,0.254275,-27.468542,43.177055,-33.805904,-5258.000000,4031.000000,-2313.000000,67.421159,-92.302698,123.369800,0.625697,-0.345765,-0.623025,0.317474,1213.402954,87482.609375,0.064204,1.498535,1.339233,1.325869,22.625000,24.553585,0,202
101,297771,297645,0,0,-0.214445,-0.343433,9.893203,-0.596630,-0.083754,0.340513,-27.535763,43.051189,-33.732826,-5269.000000,4009.000000,-2308.000000,65.766006,-92.412985,121.681569,0.625411,-0.346290,-0.623477,0.316576,1213.388184,87483.109375,0.021493,1.498535,1.324463,1.283298,22.500000,24.567612,0,202
101,299900,299812,0,0,-0.218293,-0.348857,9.910597,0.875716,0.423559,0.714209,-27.492983,42.908161,-33.148201,-5262.000000,3984.000000,-2268.000000,65.733099,-92.348187,121.554705,0.625644,-0.345384,-0.623802,0.316465,1213.373779,87485.445312,0.287603,1.498535,1.310059,1.419093,22.625000,24.586313,0,202
101,301971,301832,0,0,-0.230985,-0.353377,9.900270,0.009681,-0.159002,-0.034970,-27.584648,42.953934,-33.878983,-5277.000000,3992.000000,-2318.000000,67.260616,-92.320348,123.247471,0.625559,-0.346084,-0.622937,0.317570,1213.364258,87484.632812,-0.098804,1.498535,1.300537,1.385552,22.625000,24.590990,0,202
101,304044,303965,0,0,-0.211067,-0.328471,9.902043,-0.072522,-0.214449,0.217928,-27.395212,43.165615,-33.659748,-5246.000000,4029.000000,-2303.000000,66.505579,-92.258008,122.723855,0.624705,-0.346978,-0.622463,0.319203,1213.333008,87483.156250,0.068372,1.498535,1.269287,1.268927,22.625000,24.590990,0,202
101,306123,305997,0,0,-0.215423,-0.333882,9.900116,0.770982,0.429948,-0.434669,-27.621313,42.931049,-33.645134,-5283.000000,3988.000000,-2302.000000,66.470732,-92.306516,122.505030,0.625226,-0.346274,-0.622999,0.317898,1213.273315,87485.429688,0.008884,1.498535,1.209595,1.198059,22.625000,24.605015,0,202
101,308211,308021,0,0,-0.220208,-0.343499,9.899536,-0.419660,0.514641,0.608325,-27.651867,43.217102,-33.864368,-5288.000000,4038.000000,-2317.000000,66.224175,-92.392911,122.343974,0.624958,-0.347270,-0.622752,0.317823,1213.408447,87483.429688,0.015784,1.498535,1.344727,1.291366,22.625000,24.609692,0,202
101,310299,310174,0,0,-0.221607,-0.349509,9.906318,-0.357621,-0.192127,-0.107468,-27.627426,43.108402,-33.089741,-5278.000000,4044.000000,-2055.000000,67.385731,-92.354649,123.332685,0.625717,-0.346073,-0.623003,0.317142,1213.300781,87484.750000,-0.129462,1.498535,1.237061,1.238804,22.625000,24.619041,0,202
101,312387,312197,0,0,-0.212520,-0.346876,9.904331,-0.218351,0.235500,-0.183774,-27.444098,42.976818,-33.411282,-5254.000000,3996.000000,-2286.000000,65.724854,-92.308224,121.655054,0.625330,-0.345732,-0.623497,0.317306,1213.404541,87482.000000,0.008664,1.498535,1.340820,1.326241,22.625000,24.633068,0,202
101,314475,314352,0,0,-0.226782,-0.353163,9.907450,-0.009173,0.248383,-0.369581,-27.486876,43.108402,-33.338203,-5261.000000,4019.000000,-2281.000000,66.713360,-92.352033,122.647480,0.625582,-0.346002,-0.623213,0.317073,1213.298340,87484.796875,-0.109904,1.498535,1.234619,1.289359,22.625000,24.642420,0,202
101,316612,316516,0,0,-0.215087,-0.334637,9.905400,-0.009645,0.215210,0.898677,-27.468542,43.005424,-32.768196,-5258.000000,4001.000000,-2242.000000,66.165818,-92.356445,122.330805,0.624805,-0.347295,-0.622651,0.318295,1213.422363,87481.546875,-0.116063,1.498535,1.358643,1.299305,22.625000,24.642420,0,202
101,318694,318541,0,0,-0.215579,-0.334386,9.903815,0.344753,0.209342,0.278135,-27.657982,42.805183,-33.732826,-5289.000000,3966.000000,-2308.000000,65.332699,-92.298505,121.305061,0.625114,-0.345908,-0.623472,0.317591,1213.320801,87484.703125,0.005604,1.498535,1.257080,1.285413,22.750000,24.656445,0,202
101,320828,320677,0,0,-0.200816,-0.339403,9.905171,0.198230,0.347270,-0.151654,-27.609093,43.022583,-32.812042,-5281.000000,4004.000000,-2245.000000,64.642092,-92.279961,120.611770,0.624947,-0.345789,-0.623658,0.317682,1213.364014,87480.867188,0.061726,1.498535,1.300293,1.298266,22.625000,24.656445,0,202
101,322880,322780,0,0,-0.224268,-0.346929,9.888687,-0.141674,-0.159957,-0.112126,-27.651867,43.022583,-32.899738,-5288.000000,4004.000000,-2251.000000,64.612886,-92.308811,120.605718,0.624881,-0.346091,-0.623584,0.317629,1213.263306,87486.679688,0.167971,1.498535,1.199585,1.253350,22.625000,24.670471,0,202
101,324935,324795,0,0,-0.222919,-0.341189,9.906236,0.778582,0.144909,-0.041036,-27.584648,43.217102,-34.551300,-5277.000000,4038.000000,-2364.000000,65.894018,-92.348433,121.838062,0.625346,-0.346049,-0.623392,0.317135,1213.355835,87482.320312,0.015055,1.498535,1.292114,1.218813,22.625000,24.675146,0,202
101,327003,326888,0,0,-0.204780,-0.342480,9.895088,-0.367653,-0.412091,-0.158743,-27.615202,42.868114,-32.651272,-5282.000000,3977.000000,-2234.000000,66.688437,-92.304030,122.650827,0.625478,-0.345864,-0.623164,0.317525,1213.383545,87482.820312,0.172867,1.498535,1.319824,1.311102,22.750000,24.689173,0,202
101,329091,328938,0,0,-0.204999,-0.344378,9.900157,1.056932,0.299304,0.493267,-27.474655,43.114124,-32.548962,-5259.000000,4020.000000,-2227.000000,65.082086,-92.393902,121.077684,0.625008,-0.346620,-0.623421,0.317121,1213.457642,87481.664062,0.103371,1.498535,1.393921,1.403564,22.625000,24.670471,0,202
101,331179,331053,0,0,-0.230331,-0.348848,9.887988,-0.388240,0.324170,-0.824598,-27.382990,43.165615,-31.598946,-5244.000000,4029.000000,-2162.000000,66.985291,-92.436392,123.038700,0.625356,-0.347158,-0.622729,0.317207,1213.424072,87483.023438,-0.051585,1.498535,1.360352,1.381529,22.625000,24.703199,0,202
101,333295,333141,0,0,-0.222335,-0.350684,9.907482,0.026133,-0.038092,0.598956,-27.615202,43.016865,-32.183571,-5282.000000,4003.000000,-2202.000000,66.660440,-92.352340,122.591951,0.625576,-0.345991,-0.623234,0.317056,1213.493652,87480.140625,0.206685,1.498535,1.429932,1.297202,22.750000,24.707874,0,202
101,335355,335243,0,0,-0.211663,-0.321330,9.912302,0.130951,-0.295721,-0.005870,-27.657982,43.045471,-32.651272,-5284.000000,4017.000000,-2231.000000,67.274754,-92.308955,123.293589,0.625469,-0.346188,-0.622845,0.317815,1213.360718,87483.132812,-0.159678,1.498535,1.296997,1.294328,22.750000,24.731251,0,202
101,337443,337290,0,0,-0.222237,-0.349946,9.899586,0.216634,0.289776,0.226625,-27.761866,43.154171,-32.695118,-5306.000000,4027.000000,-2237.000000,65.353429,-92.496450,121.461637,0.624792,-0.347853,-0.622961,0.317101,1213.404663,87482.640625,0.089776,1.498535,1.340942,1.329170,22.750000,24.717224,0,202
101,339531,339406,0,0,-0.226696,-0.345635,9.909002,-0.407275,-0.288801,-0.334131,-27.719088,43.280037,-31.745104,-5299.000000,4049.000000,-2172.000000,66.853762,-92.455380,122.977419,0.625135,-0.347658,-0.622538,0.317469,1213.340820,87484.656250,-0.112205,1.498535,1.277100,1.302167,22.750000,24.754627,0,202
101,341619,341502,0,0,-0.219558,-0.336197,9.905287,0.352118,0.017959,-0.175467,-27.627426,43.085518,-32.154339,-5284.000000,4015.000000,-2200.000000,66.252439,-92.291244,122.254116,0.625257,-0.346008,-0.623160,0.317811,1213.412354,87483.382812,-0.152130,1.498535,1.348633,1.457674,22.750000,24.768654,0,202
101,343707,343554,0,0,-0.222696,-0.347121,9.904622,-0.567885,-0.031249,0.267457,-27.621313,43.159893,-32.388191,-5283.000000,4028.000000,-2216.000000,66.703464,-92.384346,122.682205,0.625468,-0.346442,-0.623061,0.317116,1213.448975,87483.406250,0.106933,1.498535,1.385254,1.386908,22.750000,24.749952,0,202
101,345795,345669,0,0,-0.221244,-0.352636,9.903485,-0.717994,-0.156443,-0.288442,-27.829086,42.965378,-32.358959,-5317.000000,3994.000000,-2214.000000,65.896798,-92.408320,121.859113,0.625314,-0.346514,-0.623304,0.316862,1213.156982,87487.625000,-0.285698,1.498535,1.093262,1.260262,22.750000,24.796705,0,202
101,347883,347767,0,0,-0.217973,-0.359535,9.901607,0.539589,-0.225173,-0.495349,-27.590761,43.234264,-32.490501,-5278.000000,4041.000000,-2223.000000,65.190187,-92.431468,121.226856,0.624931,-0.347071,-0.623252,0.317112,1213.287109,87486.218750,0.057168,1.498535,1.223389,1.225610,22.750000,24.801380,0,202
101,350009,349924,0,0,-0.221682,-0.346757,9.901875,0.261440,-0.345378,0.264332,-27.719088,43.154171,-32.958202,-5299.000000,4027.000000,-2255.000000,66.650325,-92.378671,122.469130,0.625895,-0.345538,-0.623561,0.316277,1213.339355,87484.289062,0.058064,1.498535,1.275635,1.402654,22.750000,24.810732,0,202
101,352080,351947,0,0,-0.231562,-0.343937,9.904572,0.323335,0.112652,0.536368,-27.670202,43.154171,-33.601288,-5291.000000,4027.000000,-2299.000000,68.094773,-92.397112,123.951036,0.626169,-0.345820,-0.623066,0.316402,1213.250488,87484.781250,-0.087964,1.498535,1.186768,1.188482,22.750000,24.824757,0,202
101,354153,353998,0,0,-0.226823,-0.340453,9.906590,-0.510457,-0.368921,0.041981,-27.633535,42.948212,-32.899738,-5285.000000,3991.000000,-2251.000000,67.293558,-92.308606,122.991121,0.626362,-0.344438,-0.623809,0.316063,1213.265381,87485.578125,-0.147052,1.498535,1.201660,1.236014,22.875000,24.838783,0,202
101,356235,356111,0,0,-0.222289,-0.343537,9.903026,0.157867,0.451560,0.366377,-27.688536,42.891003,-33.235897,-5294.000000,3981.000000,-2274.000000,67.187854,-92.366055,122.905238,0.626306,-0.344898,-0.623738,0.315813,1213.310547,87485.554688,0.021770,1.498535,1.246826,1.246500,22.875000,24.857485,0,202
101,358323,358136,0,0,-0.220397,-0.334743,9.907016,0.689628,0.503901,-0.005491,-27.566317,43.039749,-32.768196,-5274.000000,4007.000000,-2242.000000,66.883548,-92.387201,122.952872,0.625265,-0.346947,-0.622739,0.317597,1213.304199,87485.164062,-0.042224,1.498535,1.240479,1.290029,22.875000,24.871510,0,202
101,360411,360285,0,0,-0.226549,-0.341370,9.910805,-0.368292,0.241721,-0.102951,-27.474655,42.891003,-33.206665,-5259.000000,3981.000000,-2272.000000,67.657709,-92.367209,123.569952,0.625888,-0.345954,-0.623030,0.316881,1213.375122,87482.281250,0.181668,1.498535,1.311401,1.307140,22.875000,24.876184,0,202
101,362499,362386,0,0,-0.220193,-0.342075,9.900681,0.939130,0.077399,-0.153749,-27.541872,42.908161,-32.037415,-5270.000000,3984.000000,-2192.000000,66.918847,-92.337314,122.898640,0.625501,-0.346156,-0.623033,0.317419,1213.254639,87485.859375,0.154511,1.498535,1.190918,1.214966,22.875000,24.899561,0,202
101,364587,364442,0,0,-0.214481,-0.339760,9.902072,0.378228,-0.525244,0.026895,-27.737423,42.850956,-32.768196,-5302.000000,3974.000000,-2242.000000,66.161898,-92.319473,122.202480,0.625136,-0.346393,-0.623049,0.317846,1213.225342,87484.882812,-0.348944,1.498535,1.161621,1.332420,22.875000,24.913588,0,202
101,366719,366628,0,0,-0.225198,-0.341247,9.906492,-0.058108,-0.213458,0.130477,-27.621313,42.999702,-32.709732,-5283.000000,4000.000000,-2238.000000,65.834349,-92.448017,121.954257,0.624874,-0.347614,-0.622822,0.317474,1213.419556,87484.492188,0.417881,1.498535,1.355835,1.307903,22.875000,24.927612,0,202
101,368801,368653,0,0,-0.218975,-0.342354,9.902035,-0.537396,-0.022091,0.009481,-27.425766,42.993980,-32.855888,-5251.000000,3999.000000,-2248.000000,66.493217,-92.393547,122.500098,0.625340,-0.346655,-0.623024,0.317208,1213.297607,87483.218750,-0.071123,1.498535,1.233887,1.300742,22.875000,24.941639,0,202
101,370884,370804,0,0,-0.223947,-0.349736,9.900403,0.710189,-0.474838,-0.512195,-27.486876,43.028305,-32.592808,-5261.000000,4005.000000,-2230.000000,66.747402,-92.431188,122.855951,0.625139,-0.347431,-0.622627,0.317535,1213.261719,87484.671875,-0.086934,1.498535,1.197998,1.198491,22.875000,24.960339,0,202
101,373019,372893,0,0,-0.238383,-0.343550,9.904902,-0.625228,-0.232034,-0.076336,-27.609093,42.913883,-32.841274,-5281.000000,3985.000000,-2247.000000,67.939427,-92.479156,123.886135,0.625922,-0.346814,-0.622771,0.316383,1213.312744,87483.984375,-0.012414,1.498535,1.249023,1.223251,22.875000,24.974365,0,202
101,375074,374989,0,0,-0.221152,-0.339355,9.903808,0.433057,0.081364,-0.147491,-27.621313,43.022583,-33.308975,-5283.000000,4004.000000,-2279.000000,67.466628,-92.254033,123.334761,0.625908,-0.345030,-0.623290,0.317338,1213.278809,87484.250000,-0.037527,1.498535,1.215088,1.208186,23.000000,24.993065,0,202
101,377128,377004,0,0,-0.223280,-0.343684,9.905803,-0.510199,-0.596814,0.070743,-27.425766,43.068356,-33.162819,-5251.000000,4012.000000,-2269.000000,68.059324,-92.368958,124.125041,0.625566,-0.346788,-0.622463,0.317719,1213.264648,87484.453125,-0.015114,1.498535,1.200928,1.140042,22.875000,25.007092,0,202
101,379203,379054,0,0,-0.219544,-0.343430,9.904675,0.968389,0.510662,0.282025,-27.505207,43.074078,-32.695118,-5264.000000,4013.000000,-2237.000000,65.638425,-92.412644,121.930748,0.624334,-0.348338,-0.622369,0.318630,1213.213745,87484.289062,-0.205212,1.498535,1.150024,1.188826,23.000000,25.016441,0,202
101,381291,381166,0,0,-0.225536,-0.337753,9.906805,0.064018,0.524768,0.218037,-27.419655,42.976818,-32.812042,-5250.000000,3996.000000,-2245.000000,67.213644,-92.372558,123.143926,0.625728,-0.346095,-0.623085,0.316936,1213.251221,87484.398438,-0.031937,1.498535,1.187500,1.178769,23.000000,25.044491,0,202
101,383403,383254,0,0,-0.226284,-0.341359,9.899903,-0.450466,0.550081,0.573633,-27.596872,42.971096,-32.680504,-5279.000000,3995.000000,-2236.000000,66.627286,-92.374477,122.919882,0.624574,-0.348088,-0.622135,0.318888,1213.218140,87484.593750,0.116040,1.498535,1.154419,1.119146,23.000000,25.058517,0,202
101,385467,385352,0,0,-0.228572,-0.336547,9.901123,0.112307,-0.448130,0.440970,-27.389097,42.999702,-33.411282,-5245.000000,4000.000000,-2286.000000,67.244428,-92.323728,123.147409,0.625789,-0.345649,-0.623192,0.317091,1213.328613,87482.859375,0.112647,1.498535,1.264893,1.228929,23.000000,25.081892,0,202
101,387555,387402,0,0,-0.229918,-0.349005,9.903021,-0.760336,-0.593963,0.443507,-27.609093,42.993980,-32.578194,-5281.000000,3999.000000,-2229.000000,68.502843,-92.441057,124.400189,0.626186,-0.346298,-0.622801,0.316366,1213.191650,87487.062500,-0.017745,1.498535,1.127930,1.153866,23.000000,25.086567,0,202
101,389643,389518,0,0,-0.231168,-0.352359,9.901124,-0.982702,-0.875330,-0.352204,-27.541872,42.862392,-31.993568,-5270.000000,3976.000000,-2189.000000,67.240173,-92.360250,123.192434,0.625668,-0.346139,-0.623020,0.317133,1213.146606,87485.757812,-0.056402,1.498535,1.082886,1.078896,23.000000,25.119293,0,202
101,391731,391615,0,0,-0.231347,-0.349454,9.907595,-0.395809,0.286690,-0.194334,-27.486876,42.850956,-32.417423,-5261.000000,3974.000000,-2218.000000,67.828321,-92.333366,123.860454,0.625582,-0.346395,-0.622650,0.317750,1213.302368,87485.132812,-0.007699,1.498535,1.238647,1.311218,23.125000,25.137993,0,202
101,393819,393666,0,0,-0.231098,-0.343086,9.897595,0.235016,0.669027,0.443761,-27.444098,42.891003,-32.841274,-5254.000000,3981.000000,-2247.000000,68.026635,-92.393226,123.963644,0.625927,-0.346237,-0.622842,0.316865,1213.163330,87486.156250,0.139712,1.498535,1.099609,1.102625,23.000000,25.147345,0,202
101,395907,395781,0,0,-0.242229,-0.354491,9.893401,0.383443,-0.155085,0.191409,-27.596872,43.039749,-32.855888,-5279.000000,4007.000000,-2248.000000,66.554272,-92.316004,122.504115,0.625484,-0.345871,-0.623227,0.317380,1213.192383,87485.859375,-0.200551,1.498535,1.128662,1.126797,23.125000,25.189419,0,202
101,397995,397881,0,0,-0.235092,-0.345817,9.900747,-0.204810,0.299969,-0.271080,-27.444098,43.056911,-32.607426,-5254.000000,4010.000000,-2231.000000,68.173867,-92.418463,124.208575,0.625708,-0.346917,-0.622489,0.317246,1213.117310,87486.781250,-0.130847,1.498535,1.053589,1.057824,23.000000,25.212793,0,202
101,400121,400037,0,0,-0.232505,-0.335230,9.909236,-0.249512,-0.125886,-0.119938,-27.480762,43.039749,-31.818182,-5260.000000,4007.000000,-2177.000000,67.203809,-92.401811,123.063794,0.625932,-0.345891,-0.623280,0.316370,1213.194092,87486.820312,0.200951,1.498535,1.130371,1.278483,23.125000,25.236170,0,202
101,402191,402057,0,0,-0.212742,-0.342549,9.901345,0.363882,0.339155,0.598650,-27.725201,42.999702,-32.285881,-5300.000000,4000.000000,-2209.000000,66.018464,-92.332102,121.842556,0.625704,-0.345295,-0.623731,0.316583,1213.240234,87483.468750,0.108417,1.498535,1.176514,1.173019,23.125000,25.250195,0,202
101,404261,404106,0,0,-0.222231,-0.339782,9.889877,0.786258,-0.235472,0.132105,-27.804642,43.045471,-33.572052,-5313.000000,4008.000000,-2297.000000,67.904368,-92.317014,123.552275,0.626654,-0.344204,-0.623800,0.315754,1213.284668,87485.312500,0.230111,1.498535,1.220947,1.271152,23.125000,25.254869,0,202
101,406347,406221,0,0,-0.227511,-0.345764,9.896604,0.752563,0.433172,-0.126776,-27.554092,42.879559,-32.797428,-5272.000000,3979.000000,-2244.000000,67.511557,-92.394858,123.344720,0.626082,-0.345695,-0.623287,0.316274,1213.253418,87484.289062,0.343150,1.498535,1.189697,1.186982,23.125000,25.287594,0,202
101,408435,408322,0,0,-0.222039,-0.339311,9.904231,-0.488708,0.348657,-0.244771,-27.425766,43.051189,-32.870502,-5251.000000,4009.000000,-2249.000000,66.807098,-92.369757,122.840843,0.625337,-0.346649,-0.622877,0.317509,1213.156982,87486.226562,0.024353,1.498535,1.093262,1.148142,23.250000,25.320318,0,202
101,410522,410378,0,0,-0.231287,-0.346230,9.910755,-0.445317,-0.435115,-0.068914,-27.303547,43.137005,-33.045895,-5231.000000,4024.000000,-2261.000000,65.979388,-92.316659,121.990635,0.625171,-0.346220,-0.623185,0.317700,1213.170654,87485.078125,-0.076309,1.498535,1.106934,1.231246,23.250000,25.343693,0,202
101,412610,412486,0,0,-0.173647,-0.299748,9.903688,0.264019,-0.022755,-0.173546,-27.450207,42.993980,-32.139725,-5255.000000,3999.000000,-2199.000000,73.151128,-92.503287,128.894522,0.627884,-0.345649,-0.621978,0.315328,1213.299072,87483.929688,0.222208,1.498535,1.235352,1.230672,23.250000,25.367067,0,202
101,414698,414510,0,0,-0.163174,-0.381280,9.915259,-0.706346,-0.031784,0.048183,-27.719088,43.239986,-32.519730,-5299.000000,4042.000000,-2225.000000,75.684957,-92.383581,131.701292,0.627637,-0.346273,-0.620674,0.317694,1213.238525,87484.718750,-0.080394,1.498535,1.174805,1.197199,23.250000,25.381092,0,202
101,416827,416739,0,0,-0.159967,-0.440557,9.917898,-0.849902,1.618660,-1.800111,-27.554092,42.959656,-32.212803,-5272.000000,3993.000000,-2204.000000,54.045231,-92.705673,109.955951,0.622099,-0.347919,-0.626746,0.314856,1213.166992,87483.929688,0.101697,1.498535,1.103271,1.101281,23.375000,25.409142,0,202
101,418907,418764,0,0,-0.196604,-0.319065,9.897178,0.346402,0.425813,-5.256846,-27.272995,42.982536,-31.657410,-5226.000000,3997.000000,-2166.000000,63.765936,-92.115189,119.733558,0.624724,-0.344779,-0.623927,0.318688,1213.287720,87482.710938,0.174387,1.498535,1.223999,1.163553,23.375000,25.427841,0,202
101,420990,420836,0,0,-0.306022,-0.314657,9.896710,-0.750545,0.245348,0.833436,-27.407433,42.770859,-32.505116,-5248.000000,3960.000000,-2224.000000,67.792004,-92.282481,123.758247,0.625729,-0.345729,-0.622895,0.317705,1213.067627,87485.757812,-0.284644,1.498535,1.003906,0.937758,23.375000,25.455891,0,202
101,423067,422988,0,0,-0.160580,-0.343105,9.903259,0.211641,-0.513528,0.144561,-27.291325,42.896721,-31.788952,-5229.000000,3982.000000,-2175.000000,66.615224,-92.646714,122.371595,0.626155,-0.346831,-0.623596,0.314270,1213.109131,87486.148438,-0.189650,1.498535,1.045410,1.035232,23.375000,25.483938,0,202
