TRACKER,DATE,TIME,LAT,LON,ALT,FIX,HORZV,VERTV,HEAD,FLAGS,#TOT,>40,>32,>24,RSSI,BATT
SOHNTTT    ,2026-01-18,13:59:59.295,35.347610,-117.809138,2053,3,0,0,-59,0x01,25,0,6,14,0,0.000
SOHNTTT    ,2026-01-18,14:00:00.284,35.347610,-117.809137,2053,3,0,0,11,0x01,25,0,6,14,0,0.000
SOHNTTT    ,2026-01-18,14:00:01.303,35.347610,-117.809137,2053,3,0,0,178,0x01,25,0,7,15,0,0.000
SOHNTTT    ,2026-01-18,14:00:02.294,35.347610,-117.809137,2053,3,0,0,-24,0x01,25,0,7,13,0,0.000
SOHNTTT    ,2026-01-18,14:00:03.285,35.347610,-117.809136,2053,3,0,0,-125,0x01,25,0,6,13,0,0.000
SOHNTTT    ,2026-01-18,14:00:04.305,35.347610,-117.809136,2053,3,0,0,35,0x01,24,0,10,17,0,0.000
SOHNTTT    ,2026-01-18,14:00:05.295,35.347610,-117.809137,2053,3,0,0,-83,0x01,25,0,6,13,0,0.000
SOHNTTT    ,2026-01-18,14:00:08.294,35.347610,-117.809137,2052,3,0,0,72,0x01,25,0,5,15,0,0.000
SOHNTTT    ,2026-01-18,14:00:09.285,35.347610,-117.809138,2052,3,0,0,168,0x01,23,0,8,17,0,0.000
SOHNTTT    ,2026-01-18,14:00:10.305,35.347610,-117.809138,2052,3,0,0,-56,0x01,24,0,8,17,0,0.000
SOHNTTT    ,2026-01-18,14:00:11.293,35.347610,-117.809138,2052,3,0,0,-8,0x01,24,0,7,17,0,0.000
SOHNTTT    ,2026-01-18,14:00:12.284,35.347610,-117.809138,2052,3,0,0,77,0x01,25,0,7,17,0,0.000
SOHNTTT    ,2026-01-18,14:00:13.305,35.347610,-117.809138,2051,3,0,0,113,0x01,24,0,6,16,0,0.000
SOHNTTT    ,2026-01-18,14:00:14.294,35.347610,-117.809138,2051,3,0,0,-65,0x01,24,0,6,16,0,0.000
SOHNTTT    ,2026-01-18,14:00:15.285,35.347610,-117.809138,2051,3,0,0,-57,0x01,24,0,6,17,0,0.000
SOHNTTT    ,2026-01-18,14:00:16.304,35.347610,-117.809138,2051,3,0,0,101,0x01,24,0,6,17,0,0.000
SOHNTTT    ,2026-01-18,14:00:17.338,35.347610,-117.809138,2051,3,0,0,-127,0x01,25,0,4,11,0,0.000
SOHNTTT    ,2026-01-18,14:00:18.284,35.347610,-117.809137,2051,3,0,0,-63,0x01,24,0,6,15,0,0.000
SOHNTTT    ,2026-01-18,14:00:19.331,35.347610,-117.809137,2051,3,0,0,7,0x01,24,0,5,16,0,0.000
SOHNTTT    ,2026-01-18,14:00:20.295,35.347610,-117.809137,2051,3,0,0,-174,0x01,24,0,5,16,0,0.000
SOHNTTT    ,2026-01-18,14:00:21.284,35.347610,-117.809136,2051,3,0,0,-137,0x01,25,0,7,16,0,0.000
SOHNTTT    ,2026-01-18,14:00:22.305,35.347610,-117.809136,2051,3,0,0,158,0x01,25,0,6,16,0,0.000
SOHNTTT    ,2026-01-18,14:00:23.295,35.347610,-117.809136,2050,3,0,0,-98,0x01,24,0,4,16,0,0.000
SOHNTTT    ,2026-01-18,14:00:24.284,35.347610,-117.809136,2051,3,0,0,-132,0x01,24,0,6,17,0,0.000
SOHNTTT    ,2026-01-18,14:00:25.305,35.347610,-117.809135,2051,3,0,0,104,0x01,24,0,3,17,0,0.000
SOHNTTT    ,2026-01-18,14:00:26.325,35.347610,-117.809135,2051,3,0,0,-167,0x01,24,0,10,18,0,0.000
SOHNTTT    ,2026-01-18,14:00:27.285,35.347610,-117.809135,2051,3,0,0,-23,0x01,24,0,7,16,0,0.000
SOHNTTT    ,2026-01-18,14:00:28.335,35.347610,-117.809135,2051,3,0,0,-116,0x01,24,0,5,17,0,0.000
SOHNTTT    ,2026-01-18,14:00:29.295,35.347610,-117.809135,2051,3,0,0,-175,0x01,24,0,5,15,0,0.000
SOHNTTT    ,2026-01-18,14:00:30.285,35.347610,-117.809135,2051,3,0,0,-5,0x01,24,0,5,15,0,0.000
SOHNTTT    ,2026-01-18,14:00:31.333,35.347610,-117.809135,2051,3,0,0,54,0x01,25,0,7,15,0,0.000
SOHNTTT    ,2026-01-18,14:00:32.295,35.347610,-117.809135,2051,3,0,0,96,0x01,25,0,5,16,0,0.000
SOHNTTT    ,2026-01-18,14:00:33.284,35.347610,-117.809135,2051,3,0,0,-141,0x01,24,0,5,15,0,0.000
SOHNTTT    ,2026-01-18,14:00:34.305,35.347610,-117.809135,2051,3,0,0,-69,0x01,24,0,5,16,0,0.000
SOHNTTT    ,2026-01-18,14:00:36.313,35.347610,-117.809134,2052,3,0,0,142,0x01,24,0,5,15,0,0.000
SOHNTTT    ,2026-01-18,14:00:37.304,35.347610,-117.809134,2052,3,0,0,128,0x01,25,0,5,15,0,0.000
SOHNTTT    ,2026-01-18,14:00:38.295,35.347610,-117.809134,2052,3,0,0,-14,0x01,25,0,4,14,0,0.000
SOHNTTT    ,2026-01-18,14:00:39.283,35.347610,-117.809135,2052,3,0,0,180,0x01,24,0,4,14,0,0.000
SOHNTTT    ,2026-01-18,14:00:40.305,35.347610,-117.809134,2052,3,0,0,37,0x01,23,0,5,13,0,0.000
SOHNTTT    ,2026-01-18,14:00:42.314,35.347610,-117.809135,2052,3,0,0,-39,0x01,25,0,5,14,0,0.000
SOHNTTT    ,2026-01-18,14:00:43.305,35.347610,-117.809135,2052,3,0,0,105,0x01,24,0,6,15,0,0.000
SOHNTTT    ,2026-01-18,14:00:44.296,35.347610,-117.809135,2052,3,0,0,-111,0x01,25,0,6,16,0,0.000
SOHNTTT    ,2026-01-18,14:00:45.283,35.347610,-117.809134,2052,3,0,0,-125,0x01,23,0,6,17,0,0.000
SOHNTTT    ,2026-01-18,14:00:46.305,35.347610,-117.809134,2052,3,0,0,-51,0x01,24,0,6,16,0,0.000
SOHNTTT    ,2026-01-18,14:00:47.295,35.347610,-117.809135,2052,3,0,0,3,0x01,24,0,6,16,0,0.000
SOHNTTT    ,2026-01-18,14:00:48.285,35.347610,-117.809135,2051,3,0,0,97,0x01,23,0,5,15,0,0.000
SOHNTTT    ,2026-01-18,14:00:49.304,35.347610,-117.809135,2051,3,0,0,167,0x01,23,0,0,2,0,0.000
SOHNTTT    ,2026-01-18,14:00:50.296,35.347610,-117.809135,2051,3,0,0,15,0x01,24,0,5,16,0,0.000
SOHNTTT    ,2026-01-18,14:00:51.283,35.347610,-117.809135,2051,3,0,0,-139,0x01,23,0,5,16,0,0.000
SOHNTTT    ,2026-01-18,14:00:52.303,35.347610,-117.809135,2050,3,0,0,112,0x01,24,0,5,17,0,0.000
SOHNTTT    ,2026-01-18,14:00:53.294,35.347610,-117.809135,2050,3,0,0,-135,0x01,25,0,6,18,0,0.000
SOHNTTT    ,2026-01-18,14:00:54.286,35.347610,-117.809136,2050,3,0,0,171,0x01,25,0,5,15,0,0.000
SOHNTTT    ,2026-01-18,14:00:55.303,35.347610,-117.809136,2050,3,0,0,-77,0x01,25,0,3,17,0,0.000
SOHNTTT    ,2026-01-18,14:00:56.295,35.347610,-117.809136,2050,3,0,0,-23,0x01,24,0,7,16,0,0.000
SOHNTTT    ,2026-01-18,14:00:57.285,35.347610,-117.809136,2049,3,0,0,-77,0x01,24,0,8,18,0,0.000
SOHNTTT    ,2026-01-18,14:00:58.303,35.347610,-117.809136,2049,3,0,0,80,0x01,24,0,4,14,0,0.000
SOHNTTT    ,2026-01-18,14:00:59.294,35.347610,-117.809137,2049,3,0,0,-71,0x01,23,0,6,17,0,0.000
SOHNTTT    ,2026-01-18,14:01:00.284,35.347610,-117.809136,2049,3,0,0,108,0x01,24,0,6,17,0,0.000
SOHNTTT    ,2026-01-18,14:01:01.304,35.347610,-117.809136,2049,3,0,0,-145,0x01,23,0,6,18,0,0.000
SOHNTTT    ,2026-01-18,14:01:02.293,35.347610,-117.809136,2048,3,0,0,149,0x01,24,0,5,17,0,0.000
SOHNTTT    ,2026-01-18,14:01:03.314,35.347610,-117.809136,2048,3,0,0,-31,0x01,23,0,5,17,0,0.000
SOHNTTT    ,2026-01-18,14:01:04.305,35.347610,-117.809136,2048,3,0,0,89,0x01,23,0,5,17,0,0.000
SOHNTTT    ,2026-01-18,14:01:05.295,35.347610,-117.809135,2048,3,0,0,50,0x01,24,0,5,17,0,0.000
SOHNTTT    ,2026-01-18,14:01:06.285,35.347610,-117.809135,2048,3,0,0,63,0x01,24,0,6,17,0,0.000
SOHNTTT    ,2026-01-18,14:01:07.306,35.347610,-117.809135,2047,3,0,0,-1,0x01,24,0,6,17,0,0.000
SOHNTTT    ,2026-01-18,14:01:08.294,35.347610,-117.809135,2047,3,0,0,-117,0x01,24,0,5,17,0,0.000
SOHNTTT    ,2026-01-18,14:01:09.283,35.347610,-117.809134,2047,3,0,0,-173,0x01,24,0,6,17,0,0.000
SOHNTTT    ,2026-01-18,14:01:10.305,35.347610,-117.809134,2047,3,0,0,36,0x01,24,0,6,17,0,0.000
SOHNTTT    ,2026-01-18,14:01:11.294,35.347610,-117.809134,2047,3,0,0,-82,0x01,24,0,6,17,0,0.000
SOHNTTT    ,2026-01-18,14:01:12.312,35.347635,-117.809135,2047,3,0,0,36,0x01,24,0,5,17,0,0.000
SOHNTTT    ,2026-01-18,14:01:13.335,35.347635,-117.809135,2047,3,0,0,26,0x01,23,0,5,17,0,0.000
SOHNTTT    ,2026-01-18,14:01:14.295,35.347635,-117.809135,2047,3,0,0,131,0x01,25,0,5,17,0,0.000
SOHNTTT    ,2026-01-18,14:01:15.344,35.347635,-117.809135,2048,3,0,0,-158,0x01,25,0,6,17,0,0.000
SOHNTTT    ,2026-01-18,14:01:16.304,35.347635,-117.809135,2048,3,0,0,80,0x01,24,0,6,17,0,0.000
SOHNTTT    ,2026-01-18,14:01:17.322,35.347635,-117.809136,2048,3,0,0,27,0x01,24,0,5,17,0,0.000
SOHNTTT    ,2026-01-18,14:01:18.286,35.347635,-117.809136,2049,3,0,0,178,0x01,24,0,6,18,0,0.000
SOHNTTT    ,2026-01-18,14:01:19.275,35.347635,-117.809136,2049,3,0,0,-90,0x01,24,0,7,18,0,0.000
SOHNTTT    ,2026-01-18,14:01:20.325,35.347635,-117.809136,2049,3,0,0,-49,0x01,24,0,6,18,0,0.000
SOHNTTT    ,2026-01-18,14:01:21.324,35.347635,-117.809137,2049,3,0,0,-12,0x01,24,0,7,18,0,0.000
SOHNTTT    ,2026-01-18,14:01:22.303,35.347635,-117.809137,2049,3,0,0,-158,0x01,24,0,7,18,0,0.000
SOHNTTT    ,2026-01-18,14:01:23.294,35.347635,-117.809137,2049,3,0,0,51,0x01,24,0,6,18,0,0.000
SOHNTTT    ,2026-01-18,14:01:24.284,35.347635,-117.809136,2049,3,0,0,-91,0x01,24,0,5,18,0,0.000
SOHNTTT    ,2026-01-18,14:01:25.304,35.347635,-117.809136,2050,3,0,0,-37,0x01,24,0,5,18,0,0.000
SOHNTTT    ,2026-01-18,14:01:26.294,35.347635,-117.809136,2050,3,0,0,-115,0x01,23,0,5,18,0,0.000
SOHNTTT    ,2026-01-18,14:01:27.285,35.347635,-117.809136,2050,3,0,0,-84,0x01,23,0,2,14,0,0.000
SOHNTTT    ,2026-01-18,14:01:28.306,35.347610,-117.809136,2050,3,0,0,-60,0x01,23,0,2,14,0,0.000
SOHNTTT    ,2026-01-18,14:01:29.294,35.347635,-117.809136,2050,3,0,0,-108,0x01,23,0,4,17,0,0.000
SOHNTTT    ,2026-01-18,14:01:30.284,35.347635,-117.809136,2050,3,0,0,-148,0x01,23,0,4,16,0,0.000
SOHNTTT    ,2026-01-18,14:01:31.306,35.347610,-117.809136,2050,3,0,0,120,0x01,23,0,4,16,0,0.000
SOHNTTT    ,2026-01-18,14:01:32.294,35.347635,-117.809136,2050,3,0,0,94,0x01,23,0,3,15,0,0.000
SOHNTTT    ,2026-01-18,14:01:33.315,35.347635,-117.809136,2050,3,0,0,123,0x01,23,0,3,15,0,0.000
SOHNTTT    ,2026-01-18,14:01:34.304,35.347635,-117.809136,2050,3,0,0,-168,0x01,23,0,3,15,0,0.000
SOHNTTT    ,2026-01-18,14:01:35.295,35.347635,-117.809136,2050,3,0,0,144,0x01,23,0,4,17,0,0.000
SOHNTTT    ,2026-01-18,14:01:36.285,35.347635,-117.809136,2050,3,0,0,-126,0x01,23,0,5,18,0,0.000
SOHNTTT    ,2026-01-18,14:01:37.306,35.347635,-117.809136,2051,3,0,0,-168,0x01,23,0,5,18,0,0.000
SOHNTTT    ,2026-01-18,14:01:38.295,35.347610,-117.809136,2051,3,0,0,19,0x01,23,0,5,19,0,0.000
SOHNTTT    ,2026-01-18,14:01:39.285,35.347610,-117.809136,2051,3,0,0,119,0x01,23,0,5,19,0,0.000
SOHNTTT    ,2026-01-18,14:01:40.334,35.347635,-117.809135,2051,3,0,0,143,0x01,24,0,5,20,0,0.000
SOHNTTT    ,2026-01-18,14:01:41.295,35.347610,-117.809135,2051,3,0,0,71,0x01,24,0,6,19,0,0.000
SOHNTTT    ,2026-01-18,14:01:42.285,35.347635,-117.809134,2051,3,0,0,135,0x01,24,0,6,19,0,0.000
SOHNTTT    ,2026-01-18,14:01:43.276,35.347635,-117.809134,2051,3,0,0,126,0x01,24,0,6,19,0,0.000
SOHNTTT    ,2026-01-18,14:01:44.296,35.347635,-117.809133,2051,3,0,0,-71,0x01,23,0,6,19,0,0.000
SOHNTTT    ,2026-01-18,14:01:45.285,35.347635,-117.809133,2051,3,0,0,89,0x01,23,0,6,18,0,0.000
SOHNTTT    ,2026-01-18,14:01:46.274,35.347635,-117.809132,2051,3,0,0,-136,0x01,23,0,6,18,0,0.000
SOHNTTT    ,2026-01-18,14:01:47.328,35.347635,-117.809132,2051,3,0,0,173,0x01,23,0,6,18,0,0.000
SOHNTTT    ,2026-01-18,14:01:48.285,35.347635,-117.809131,2051,3,0,0,38,0x01,23,0,6,17,0,0.000
SOHNTTT    ,2026-01-18,14:01:49.338,35.347635,-117.809131,2051,3,0,0,-139,0x01,23,0,6,19,0,0.000
SOHNTTT    ,2026-01-18,14:01:50.295,35.347635,-117.809131,2051,3,0,0,-43,0x01,23,0,6,18,0,0.000
SOHNTTT    ,2026-01-18,14:01:51.285,35.347635,-117.809131,2051,3,0,0,-88,0x01,23,0,6,20,0,0.000
SOHNTTT    ,2026-01-18,14:01:52.304,35.347635,-117.809131,2051,3,0,0,-60,0x01,23,0,6,18,0,0.000
SOHNTTT    ,2026-01-18,14:01:53.324,35.347635,-117.809130,2051,3,0,0,41,0x01,23,0,6,19,0,0.000
SOHNTTT    ,2026-01-18,14:01:54.285,35.347635,-117.809130,2051,3,0,0,66,0x01,23,0,6,19,0,0.000
SOHNTTT    ,2026-01-18,14:01:55.275,35.347635,-117.809130,2052,3,0,0,-51,0x01,23,0,6,19,0,0.000
SOHNTTT    ,2026-01-18,14:01:56.325,35.347635,-117.809130,2052,3,0,0,-18,0x01,23,0,6,19,0,0.000
SOHNTTT    ,2026-01-18,14:01:57.289,35.347635,-117.809129,2052,3,0,0,-23,0x01,23,0,5,19,0,0.000
SOHNTTT    ,2026-01-18,14:01:58.275,35.347635,-117.809129,2052,3,0,0,0,0x01,23,0,6,20,0,0.000
SOHNTTT    ,2026-01-18,14:01:59.326,35.347635,-117.809129,2052,3,0,0,143,0x01,23,0,5,19,0,0.000
SOHNTTT    ,2026-01-18,14:02:00.285,35.347635,-117.809129,2052,3,0,0,-51,0x01,23,0,6,18,0,0.000
SOHNTTT    ,2026-01-18,14:02:01.339,35.347635,-117.809129,2052,3,0,0,-91,0x01,24,0,6,19,0,0.000
SOHNTTT    ,2026-01-18,14:02:02.327,35.347635,-117.809129,2051,3,0,0,-122,0x01,24,0,6,19,0,0.000
SOHNTTT    ,2026-01-18,14:02:03.287,35.347635,-117.809129,2051,3,0,0,167,0x01,24,0,6,19,0,0.000
SOHNTTT    ,2026-01-18,14:02:04.309,35.347635,-117.809129,2051,3,0,0,-38,0x01,24,0,7,19,0,0.000
SOHNTTT    ,2026-01-18,14:02:05.295,35.347635,-117.809129,2051,3,0,0,140,0x01,24,0,5,15,0,0.000
SOHNTTT    ,2026-01-18,14:02:06.286,35.347635,-117.809129,2051,3,0,0,83,0x01,24,0,5,15,0,0.000
SOHNTTT    ,2026-01-18,14:02:07.307,35.347635,-117.809130,2051,3,0,0,105,0x01,23,0,5,15,0,0.000
SOHNTTT    ,2026-01-18,14:02:08.297,35.347635,-117.809130,2052,3,0,0,52,0x01,23,0,5,14,0,0.000
SOHNTTT    ,2026-01-18,14:02:09.286,35.347635,-117.809130,2052,3,0,0,-67,0x01,24,0,6,17,0,0.000
SOHNTTT    ,2026-01-18,14:02:10.276,35.347635,-117.809130,2052,3,0,0,0,0x01,24,0,3,7,0,0.000
SOHNTTT    ,2026-01-18,14:02:11.296,35.347635,-117.809130,2052,3,0,0,-83,0x01,24,0,6,17,0,0.000
SOHNTTT    ,2026-01-18,14:02:12.287,35.347635,-117.809131,2052,3,0,0,90,0x01,24,0,6,17,0,0.000
SOHNTTT    ,2026-01-18,14:02:13.275,35.347635,-117.809131,2052,3,0,0,-88,0x01,23,0,6,17,0,0.000
SOHNTTT    ,2026-01-18,14:02:14.296,35.347610,-117.809132,2053,3,0,0,18,0x01,23,0,6,17,0,0.000
SOHNTTT    ,2026-01-18,14:02:15.285,35.347610,-117.809132,2053,3,0,0,-149,0x01,23,0,6,17,0,0.000
SOHNTTT    ,2026-01-18,14:02:16.305,35.347610,-117.809133,2053,3,0,0,-93,0x01,23,0,6,17,0,0.000
SOHNTTT    ,2026-01-18,14:02:17.295,35.347610,-117.809133,2053,3,0,0,-65,0x01,23,0,7,19,0,0.000
SOHNTTT    ,2026-01-18,14:02:18.285,35.347610,-117.809134,2053,3,0,0,-112,0x01,23,0,3,9,0,0.000
SOHNTTT    ,2026-01-18,14:02:19.276,35.347610,-117.809134,2053,3,0,0,-177,0x01,23,0,7,19,0,0.000
SOHNTTT    ,2026-01-18,14:02:20.297,35.347610,-117.809134,2053,3,0,0,51,0x01,24,0,6,17,0,0.000
SOHNTTT    ,2026-01-18,14:02:21.289,35.347610,-117.809135,2054,3,0,0,63,0x01,24,0,6,16,0,0.000
SOHNTTT    ,2026-01-18,14:02:22.276,35.347610,-117.809135,2053,3,0,0,-67,0x01,24,0,6,16,0,0.000
SOHNTTT    ,2026-01-18,14:02:23.295,35.347610,-117.809135,2054,3,0,0,62,0x01,24,0,6,16,0,0.000
SOHNTTT    ,2026-01-18,14:02:24.285,35.347610,-117.809135,2054,3,0,0,-158,0x01,23,0,7,17,0,0.000
SOHNTTT    ,2026-01-18,14:02:25.278,35.347610,-117.809136,2054,3,0,0,54,0x01,23,0,7,17,0,0.000
SOHNTTT    ,2026-01-18,14:02:26.295,35.347610,-117.809136,2054,3,0,0,-49,0x01,24,0,7,17,0,0.000
SOHNTTT    ,2026-01-18,14:02:27.285,35.347610,-117.809136,2054,3,0,0,15,0x01,24,0,7,17,0,0.000
SOHNTTT    ,2026-01-18,14:02:28.276,35.347610,-117.809136,2054,3,0,0,90,0x01,24,0,7,16,0,0.000
SOHNTTT    ,2026-01-18,14:02:29.298,35.347610,-117.809137,2054,3,0,0,-72,0x01,24,0,7,16,0,0.000
SOHNTTT    ,2026-01-18,14:02:30.285,35.347610,-117.809137,2054,3,0,0,84,0x01,24,0,7,18,0,0.000
SOHNTTT    ,2026-01-18,14:02:31.275,35.347610,-117.809137,2054,3,0,0,68,0x01,23,0,7,18,0,0.000
SOHNTTT    ,2026-01-18,14:02:32.296,35.347610,-117.809137,2054,3,0,0,98,0x01,23,1,7,19,0,0.000
SOHNTTT    ,2026-01-18,14:02:33.285,35.347610,-117.809137,2054,3,0,0,10,0x01,23,1,7,18,0,0.000
SOHNTTT    ,2026-01-18,14:02:34.276,35.347610,-117.809137,2053,3,0,0,-86,0x01,24,1,7,19,0,0.000
SOHNTTT    ,2026-01-18,14:02:35.298,35.347610,-117.809138,2053,3,0,0,87,0x01,24,1,7,18,0,0.000
SOHNTTT    ,2026-01-18,14:02:36.287,35.347610,-117.809137,2053,3,0,0,-97,0x01,24,1,7,17,0,0.000
SOHNTTT    ,2026-01-18,14:02:37.278,35.347610,-117.809137,2053,3,0,0,-86,0x01,23,0,0,0,0,0.000
SOHNTTT    ,2026-01-18,14:02:38.296,35.347610,-117.809137,2053,3,0,0,67,0x01,23,1,8,17,0,0.000
SOHNTTT    ,2026-01-18,14:02:39.286,35.347610,-117.809137,2053,3,0,0,-47,0x01,23,0,7,17,0,0.000
SOHNTTT    ,2026-01-18,14:02:40.277,35.347610,-117.809137,2052,3,0,0,-143,0x01,23,1,7,17,0,0.000
SOHNTTT    ,2026-01-18,14:02:41.298,35.347610,-117.809137,2052,3,0,0,-37,0x01,23,1,7,18,0,0.000
SOHNTTT    ,2026-01-18,14:02:42.287,35.347610,-117.809136,2052,3,0,0,6,0x01,23,1,7,18,0,0.000
SOHNTTT    ,2026-01-18,14:02:43.279,35.347610,-117.809136,2052,3,0,0,114,0x01,22,1,8,18,0,0.000
SOHNTTT    ,2026-01-18,14:02:44.296,35.347610,-117.809136,2051,3,0,0,-124,0x01,22,1,8,18,0,0.000
SOHNTTT    ,2026-01-18,14:02:45.288,35.347610,-117.809136,2051,3,0,0,64,0x01,23,1,8,18,0,0.000
SOHNTTT    ,2026-01-18,14:02:46.277,35.347610,-117.809135,2051,3,0,0,125,0x01,23,1,8,19,0,0.000
SOHNTTT    ,2026-01-18,14:02:47.297,35.347610,-117.809135,2051,3,0,0,74,0x01,22,1,8,18,0,0.000
SOHNTTT    ,2026-01-18,14:02:48.288,35.347610,-117.809135,2051,3,0,0,-111,0x01,22,1,8,18,0,0.000
SOHNTTT    ,2026-01-18,14:02:49.278,35.347610,-117.809136,2051,3,0,0,-82,0x01,22,1,8,18,0,0.000
SOHNTTT    ,2026-01-18,14:02:50.296,35.347610,-117.809136,2051,3,0,0,-139,0x01,22,1,8,18,0,0.000
SOHNTTT    ,2026-01-18,14:02:51.289,35.347610,-117.809136,2051,3,0,0,26,0x01,22,1,9,18,0,0.000
SOHNTTT    ,2026-01-18,14:02:52.278,35.347610,-117.809135,2051,3,0,0,104,0x01,22,1,9,18,0,0.000
SOHNTTT    ,2026-01-18,14:02:53.297,35.347610,-117.809135,2051,3,0,0,-14,0x01,22,1,8,18,0,0.000
SOHNTTT    ,2026-01-18,14:02:54.320,35.347610,-117.809135,2051,3,0,0,-128,0x01,22,1,8,18,0,0.000
SOHNTTT    ,2026-01-18,14:02:55.278,35.347610,-117.809135,2051,3,0,0,156,0x01,22,1,8,18,0,0.000
SOHNTTT    ,2026-01-18,14:02:56.297,35.347610,-117.809135,2051,3,0,0,-140,0x01,22,1,9,18,0,0.000
SOHNTTT    ,2026-01-18,14:02:57.287,35.347610,-117.809135,2051,3,0,0,-76,0x01,22,1,9,18,0,0.000
SOHNTTT    ,2026-01-18,14:02:58.278,35.347610,-117.809135,2051,3,0,0,90,0x01,22,1,9,18,0,0.000
SOHNTTT    ,2026-01-18,14:02:59.297,35.347610,-117.809135,2051,3,0,0,-31,0x01,22,1,9,18,0,0.000
SOHNTTT    ,2026-01-18,14:03:00.287,35.347610,-117.809135,2052,3,0,0,-125,0x01,22,1,8,18,0,0.000
SOHNTTT    ,2026-01-18,14:03:01.276,35.347610,-117.809135,2051,3,0,0,148,0x01,22,1,9,18,0,0.000
SOHNTTT    ,2026-01-18,14:03:02.326,35.347610,-117.809135,2052,3,0,0,113,0x01,22,1,8,18,0,0.000
SOHNTTT    ,2026-01-18,14:03:03.287,35.347610,-117.809136,2052,3,0,0,47,0x01,23,1,8,18,0,0.000
SOHNTTT    ,2026-01-18,14:03:04.277,35.347610,-117.809136,2052,3,0,0,-173,0x01,23,1,8,18,0,0.000
SOHNTTT    ,2026-01-18,14:03:05.328,35.347610,-117.809136,2052,3,0,0,158,0x01,22,1,8,18,0,0.000
SOHNTTT    ,2026-01-18,14:03:06.287,35.347610,-117.809136,2052,3,0,0,-16,0x01,22,1,8,18,0,0.000
SOHNTTT    ,2026-01-18,14:03:07.277,35.347610,-117.809136,2052,3,0,0,-132,0x01,23,1,8,19,0,0.000
SOHNTTT    ,2026-01-18,14:03:08.327,35.347610,-117.809136,2052,3,0,0,-74,0x01,23,1,8,19,0,0.000
SOHNTTT    ,2026-01-18,14:03:09.288,35.347610,-117.809136,2052,3,0,0,-19,0x01,23,1,8,19,0,0.000
SOHNTTT    ,2026-01-18,14:03:10.308,35.347610,-117.809136,2052,3,0,0,57,0x01,23,1,9,17,0,0.000
SOHNTTT    ,2026-01-18,14:03:11.328,35.347610,-117.809136,2052,3,0,0,23,0x01,23,1,8,17,0,0.000
SOHNTTT    ,2026-01-18,14:03:12.287,35.347610,-117.809137,2052,3,0,0,-159,0x01,22,1,8,17,0,0.000
SOHNTTT    ,2026-01-18,14:03:13.278,35.347610,-117.809137,2053,3,0,0,117,0x01,22,1,8,16,0,0.000
SOHNTTT    ,2026-01-18,14:03:14.297,35.347610,-117.809137,2053,3,0,0,-136,0x01,22,1,8,17,0,0.000
SOHNTTT    ,2026-01-18,14:03:15.288,35.347610,-117.809137,2053,3,0,0,123,0x01,23,1,8,18,0,0.000
SOHNTTT    ,2026-01-18,14:03:16.278,35.347610,-117.809138,2054,3,0,0,-71,0x01,22,1,8,19,0,0.000
SOHNTTT    ,2026-01-18,14:03:17.298,35.347610,-117.809138,2054,3,0,0,103,0x01,23,1,8,17,0,0.000
SOHNTTT    ,2026-01-18,14:03:18.289,35.347610,-117.809138,2054,3,0,0,-39,0x01,22,1,8,17,0,0.000
SOHNTTT    ,2026-01-18,14:03:19.280,35.347610,-117.809139,2054,3,0,0,94,0x01,23,1,8,17,0,0.000
SOHNTTT    ,2026-01-18,14:03:20.345,35.347610,-117.809139,2054,3,0,0,166,0x01,22,1,8,17,0,0.000
SOHNTTT    ,2026-01-18,14:03:21.289,35.347610,-117.809139,2054,3,0,0,126,0x01,23,1,8,17,0,0.000
SOHNTTT    ,2026-01-18,14:03:22.278,35.347610,-117.809139,2054,3,0,0,29,0x01,22,1,8,17,0,0.000
SOHNTTT    ,2026-01-18,14:03:23.298,35.347610,-117.809140,2055,3,0,0,-115,0x01,23,1,8,17,0,0.000
SOHNTTT    ,2026-01-18,14:03:24.288,35.347610,-117.809140,2055,3,0,0,-105,0x01,23,1,8,17,0,0.000
SOHNTTT    ,2026-01-18,14:03:25.277,35.347610,-117.809140,2055,3,0,0,42,0x01,23,1,8,18,0,0.000
SOHNTTT    ,2026-01-18,14:03:26.297,35.347610,-117.809141,2055,3,0,0,-112,0x01,23,1,8,15,0,0.000
SOHNTTT    ,2026-01-18,14:03:27.318,35.347610,-117.809141,2055,3,0,0,169,0x01,23,1,8,17,0,0.000
SOHNTTT    ,2026-01-18,14:03:28.278,35.347610,-117.809141,2055,3,0,0,138,0x01,23,1,8,18,0,0.000
SOHNTTT    ,2026-01-18,14:03:29.298,35.347610,-117.809141,2056,3,0,0,-45,0x01,23,1,8,19,0,0.000
SOHNTTT    ,2026-01-18,14:03:30.316,35.347610,-117.809141,2056,3,0,0,159,0x01,23,1,7,16,0,0.000
SOHNTTT    ,2026-01-18,14:03:31.278,35.347610,-117.809141,2056,3,0,0,153,0x01,23,1,8,17,0,0.000
SOHNTTT    ,2026-01-18,14:03:32.298,35.347610,-117.809141,2056,3,0,0,-17,0x01,23,1,8,17,0,0.000
SOHNTTT    ,2026-01-18,14:03:33.318,35.347610,-117.809141,2056,3,0,0,90,0x01,22,1,8,17,0,0.000
SOHNTTT    ,2026-01-18,14:03:34.304,35.347610,-117.809141,2056,3,0,0,-45,0x01,23,1,8,17,0,0.000
SOHNTTT    ,2026-01-18,14:03:35.298,35.347610,-117.809142,2057,3,0,0,67,0x01,22,1,8,17,0,0.000
SOHNTTT    ,2026-01-18,14:03:36.288,35.347610,-117.809141,2057,3,0,0,129,0x01,23,1,8,19,0,0.000
SOHNTTT    ,2026-01-18,14:03:37.278,35.347610,-117.809141,2057,3,0,0,-115,0x01,23,1,8,17,0,0.000
SOHNTTT    ,2026-01-18,14:03:38.297,35.347610,-117.809141,2057,3,0,0,45,0x01,23,1,8,17,0,0.000
SOHNTTT    ,2026-01-18,14:03:39.288,35.347610,-117.809141,2057,3,0,0,54,0x01,23,1,8,17,0,0.000
SOHNTTT    ,2026-01-18,14:03:40.277,35.347610,-117.809141,2057,3,0,0,-147,0x01,23,1,7,16,0,0.000
SOHNTTT    ,2026-01-18,14:03:41.297,35.347610,-117.809140,2057,3,0,0,117,0x01,23,1,7,17,0,0.000
SOHNTTT    ,2026-01-18,14:03:42.288,35.347610,-117.809140,2057,3,0,0,169,0x01,23,1,7,16,0,0.000
SOHNTTT    ,2026-01-18,14:03:43.279,35.347610,-117.809139,2057,3,0,0,-27,0x01,23,1,6,19,0,0.000
SOHNTTT    ,2026-01-18,14:03:44.298,35.347610,-117.809139,2057,3,0,0,78,0x01,23,1,8,21,0,0.000
SOHNTTT    ,2026-01-18,14:03:45.287,35.347610,-117.809139,2058,3,0,0,-114,0x01,23,0,5,12,0,0.000
SOHNTTT    ,2026-01-18,14:03:46.277,35.347610,-117.809138,2058,3,0,0,110,0x01,23,1,7,16,0,0.000
SOHNTTT    ,2026-01-18,14:03:47.299,35.347610,-117.809138,2058,3,0,0,-106,0x01,23,1,8,18,0,0.000
SOHNTTT    ,2026-01-18,14:03:48.288,35.347610,-117.809137,2058,3,0,0,-138,0x01,23,1,8,18,0,0.000
SOHNTTT    ,2026-01-18,14:03:49.277,35.347610,-117.809137,2057,3,0,0,114,0x01,23,1,9,19,0,0.000
SOHNTTT    ,2026-01-18,14:03:50.298,35.347610,-117.809136,2057,3,0,0,69,0x01,23,1,5,21,0,0.000
SOHNTTT    ,2026-01-18,14:03:51.289,35.347610,-117.809130,2060,3,6,7,-33,0x01,23,0,0,5,0,0.000
SOHNTTT    ,2026-01-18,14:03:52.277,35.347610,-117.809070,2056,3,27,-4,108,0x01,19,0,0,0,0,0.000
SOHNTTT    ,2026-01-18,14:03:53.297,35.347584,-117.809015,2057,3,8,13,56,0x01,11,0,0,0,0,0.000
SOHNTTT    ,2026-01-18,14:03:54.289,35.347558,-117.809050,2071,3,21,14,-148,0x01,11,0,0,0,0,0.000
SOHNTTT    ,2026-01-18,14:03:56.329,35.347456,-117.809123,2099,3,21,14,-148,0x01,16,0,0,0,0,0.000
SOHNTTT    ,2026-01-18,14:03:58.309,35.350477,-117.809269,2427,3,419,134,-11,0x01,4,0,0,1,0,0.000
SOHNTTT    ,2026-01-18,14:04:08.329,35.334477,-117.805624,35386,3,224,1289,163,0x01,10,0,2,8,0,0.000
SOHNTTT    ,2026-01-18,14:04:11.358,35.332992,-117.804931,38864,3,203,1040,162,0x01,22,0,2,13,0,0.000
SOHNTTT    ,2026-01-18,14:04:12.289,35.332480,-117.804721,39867,3,191,972,161,0x01,23,0,4,20,0,0.000
SOHNTTT    ,2026-01-18,14:04:17.328,35.330125,-117.803702,44075,3,175,727,160,0x01,23,0,5,17,0,0.000
SOHNTTT    ,2026-01-18,14:04:18.318,35.329690,-117.803503,44779,3,172,686,159,0x01,24,0,6,17,0,0.000
SOHNTTT    ,2026-01-18,14:04:20.329,35.328794,-117.803108,46069,3,169,606,159,0x01,24,0,3,15,0,0.000
SOHNTTT    ,2026-01-18,14:04:23.300,35.327539,-117.802521,47667,3,166,497,159,0x01,23,0,8,16,0,0.000
SOHNTTT    ,2026-01-18,14:04:24.290,35.327078,-117.802326,48193,3,165,457,159,0x01,24,0,2,11,0,0.000
SOHNTTT    ,2026-01-18,14:04:25.279,35.326643,-117.802131,48633,3,163,422,159,0x01,24,0,5,15,0,0.000
SOHNTTT    ,2026-01-18,14:04:26.300,35.326234,-117.801938,49038,3,162,386,159,0x01,24,0,7,18,0,0.000
SOHNTTT    ,2026-01-18,14:04:27.317,35.325824,-117.801746,49408,3,162,352,159,0x01,24,0,6,18,0,0.000
SOHNTTT    ,2026-01-18,14:04:28.279,35.325414,-117.801554,49743,3,161,318,159,0x01,24,0,7,19,0,0.000
SOHNTTT    ,2026-01-18,14:04:29.328,35.324979,-117.801362,50045,3,160,285,159,0x01,24,0,8,17,0,0.000
SOHNTTT    ,2026-01-18,14:04:31.279,35.324211,-117.800984,50527,3,160,221,159,0x01,24,0,8,21,0,0.000
SOHNTTT    ,2026-01-18,14:04:32.298,35.323750,-117.800796,50752,3,159,186,159,0x01,24,1,9,17,0,0.000
SOHNTTT    ,2026-01-18,14:04:33.290,35.323341,-117.800608,50921,3,159,153,159,0x01,24,0,5,15,0,0.000
SOHNTTT    ,2026-01-18,14:04:34.279,35.322982,-117.800419,51045,3,158,120,159,0x01,24,0,10,21,0,0.000
SOHNTTT    ,2026-01-18,14:04:36.320,35.322138,-117.800041,51233,3,158,56,159,0x01,24,1,7,18,0,0.000
SOHNTTT    ,2026-01-18,14:04:39.290,35.320934,-117.799474,51258,3,148,-38,157,0x01,23,0,5,14,0,0.000
SOHNTTT    ,2026-01-18,14:04:41.329,35.320218,-117.799105,51129,3,135,-87,156,0x01,24,0,2,17,0,0.000
SOHNTTT    ,2026-01-18,14:04:44.330,35.319296,-117.798559,50772,3,115,-144,152,0x01,24,0,1,12,0,0.000
SOHNTTT    ,2026-01-18,14:04:47.299,35.318605,-117.798027,50310,3,87,-171,145,0x01,24,0,2,16,0,0.000
SOHNTTT    ,2026-01-18,14:04:48.290,35.318374,-117.797865,50119,3,81,-175,144,0x01,24,0,1,14,0,0.000
SOHNTTT    ,2026-01-18,14:04:49.280,35.318221,-117.797711,49943,3,75,-175,142,0x01,24,0,4,18,0,0.000
SOHNTTT    ,2026-01-18,14:04:50.330,35.318067,-117.797551,49782,3,73,-179,137,0x01,24,0,5,19,0,0.000
SOHNTTT    ,2026-01-18,14:04:51.378,35.317939,-117.797387,49604,3,67,-177,134,0x01,24,0,2,13,0,0.000
SOHNTTT    ,2026-01-18,14:04:52.280,35.317786,-117.797251,49409,3,56,-176,141,0x01,24,0,2,21,0,0.000
SOHNTTT    ,2026-01-18,14:04:54.289,35.317581,-117.797030,49078,3,53,-172,144,0x01,24,0,4,18,0,0.000
SOHNTTT    ,2026-01-18,14:04:55.280,35.317427,-117.796923,48884,3,55,-179,145,0x01,24,0,2,20,0,0.000
SOHNTTT    ,2026-01-18,14:04:56.299,35.317325,-117.796815,48699,3,54,-185,145,0x01,24,0,3,16,0,0.000
SOHNTTT    ,2026-01-18,14:04:58.309,35.317094,-117.796610,48338,3,56,-194,145,0x01,24,0,1,16,0,0.000
SOHNTTT    ,2026-01-18,14:05:00.349,35.316838,-117.796389,47959,3,51,-179,137,0x01,24,0,1,15,0,0.000
SOHNTTT    ,2026-01-18,14:05:01.279,35.316736,-117.796271,47785,3,53,-170,135,0x01,24,0,4,16,0,0.000
SOHNTTT    ,2026-01-18,14:05:03.320,35.316531,-117.796000,47452,3,55,-162,131,0x01,24,0,4,17,0,0.000
SOHNTTT    ,2026-01-18,14:05:05.331,35.316352,-117.795707,47102,3,57,-165,127,0x01,24,0,2,18,0,0.000
SOHNTTT    ,2026-01-18,14:05:06.289,35.316250,-117.795560,46937,3,56,-168,127,0x01,24,0,0,14,0,0.000
SOHNTTT    ,2026-01-18,14:05:07.518,35.316173,-117.795413,46785,3,54,-166,126,0x01,24,0,4,14,0,0.000
SOHNTTT    ,2026-01-18,14:05:08.298,35.316070,-117.795266,46601,3,54,-168,122,0x01,24,0,3,16,0,0.000
SOHNTTT    ,2026-01-18,14:05:09.289,35.315994,-117.795129,46450,3,54,-166,121,0x01,24,0,1,14,0,0.000
SOHNTTT    ,2026-01-18,14:05:10.282,35.315917,-117.794978,46284,3,54,-170,124,0x01,24,0,1,15,0,0.000
SOHNTTT    ,2026-01-18,14:05:11.301,35.315840,-117.794813,46115,3,53,-166,123,0x01,24,0,2,15,0,0.000
SOHNTTT    ,2026-01-18,14:05:12.288,35.315738,-117.794665,45929,3,52,-168,120,0x01,24,0,1,14,0,0.000
SOHNTTT    ,2026-01-18,14:05:14.300,35.315635,-117.794376,45606,3,47,-169,115,0x01,24,0,1,12,0,0.000
SOHNTTT    ,2026-01-18,14:05:17.299,35.315507,-117.793943,45110,3,44,-157,97,0x01,24,0,3,17,0,0.000
SOHNTTT    ,2026-01-18,14:05:19.489,35.315456,-117.793635,44798,3,47,-155,100,0x01,24,0,5,17,0,0.000
SOHNTTT    ,2026-01-18,14:05:20.299,35.315430,-117.793482,44645,3,46,-153,104,0x01,24,0,1,16,0,0.000
SOHNTTT    ,2026-01-18,14:05:21.289,35.315405,-117.793338,44491,3,44,-154,108,0x01,24,0,2,17,0,0.000
SOHNTTT    ,2026-01-18,14:05:22.280,35.315354,-117.793190,44335,3,44,-151,107,0x01,24,0,3,18,0,0.000
SOHNTTT    ,2026-01-18,14:05:26.360,35.315174,-117.792593,43703,3,48,-158,115,0x01,23,0,0,12,0,0.000
SOHNTTT    ,2026-01-18,14:05:28.279,35.315046,-117.792272,43362,3,49,-161,111,0x01,24,0,3,17,0,0.000
SOHNTTT    ,2026-01-18,14:05:29.299,35.315021,-117.792124,43219,3,47,-154,113,0x01,24,0,5,18,0,0.000
SOHNTTT    ,2026-01-18,14:05:30.530,35.314944,-117.791969,43067,3,52,-148,117,0x01,24,0,5,17,0,0.000
SOHNTTT    ,2026-01-18,14:05:31.310,35.314893,-117.791824,42917,3,57,-147,120,0x01,24,0,4,17,0,0.000
SOHNTTT    ,2026-01-18,14:05:32.302,35.314816,-117.791657,42770,3,57,-146,120,0x01,24,0,4,17,0,0.000
SOHNTTT    ,2026-01-18,14:05:33.320,35.314739,-117.791492,42625,3,55,-145,118,0x01,24,0,3,17,0,0.000
SOHNTTT    ,2026-01-18,14:05:34.280,35.314662,-117.791327,42477,3,53,-150,118,0x01,23,0,4,16,0,0.000
SOHNTTT    ,2026-01-18,14:05:36.290,35.314534,-117.790996,42173,3,49,-154,111,0x01,24,0,1,15,0,0.000
SOHNTTT    ,2026-01-18,14:05:38.360,35.314432,-117.790709,41858,3,49,-158,113,0x01,24,0,7,19,0,0.000
SOHNTTT    ,2026-01-18,14:05:39.288,35.314406,-117.790532,41702,3,52,-155,106,0x01,24,0,8,20,0,0.000
SOHNTTT    ,2026-01-18,14:05:41.360,35.314330,-117.790250,41388,3,44,-155,105,0x01,24,0,6,18,0,0.000
SOHNTTT    ,2026-01-18,14:05:43.340,35.314253,-117.789954,41084,3,45,-149,108,0x01,24,0,3,19,0,0.000
SOHNTTT    ,2026-01-18,14:05:44.302,35.314227,-117.789826,40935,3,47,-150,109,0x01,24,0,6,18,0,0.000
SOHNTTT    ,2026-01-18,14:05:45.289,35.314176,-117.789662,40784,3,47,-153,109,0x01,24,0,1,14,0,0.000
SOHNTTT    ,2026-01-18,14:05:46.286,35.314125,-117.789526,40626,3,47,-158,107,0x01,24,0,1,16,0,0.000
SOHNTTT    ,2026-01-18,14:05:47.333,35.314099,-117.789376,40470,3,46,-155,109,0x01,24,0,5,17,0,0.000
SOHNTTT    ,2026-01-18,14:05:48.290,35.314048,-117.789231,40318,3,46,-152,107,0x01,24,0,3,17,0,0.000
SOHNTTT    ,2026-01-18,14:05:49.281,35.314022,-117.789095,40165,3,39,-151,108,0x01,24,0,0,15,0,0.000
SOHNTTT    ,2026-01-18,14:05:52.340,35.313946,-117.788640,39690,3,42,-151,102,0x01,24,0,4,20,0,0.000
SOHNTTT    ,2026-01-18,14:05:53.300,35.313920,-117.788499,39538,3,42,-150,99,0x01,24,0,2,21,0,0.000
SOHNTTT    ,2026-01-18,14:05:55.281,35.313869,-117.788206,39239,3,49,-151,100,0x01,24,0,3,21,0,0.000
SOHNTTT    ,2026-01-18,14:05:57.350,35.313843,-117.787932,38935,3,36,-145,101,0x01,24,0,4,18,0,0.000
SOHNTTT    ,2026-01-18,14:05:58.279,35.313818,-117.787818,38805,3,34,-141,114,0x01,24,0,10,22,0,0.000
SOHNTTT    ,2026-01-18,14:06:00.289,35.313715,-117.787605,38512,3,35,-137,114,0x01,24,0,4,11,0,0.000
SOHNTTT    ,2026-01-18,14:06:01.281,35.313690,-117.787496,38375,3,32,-136,103,0x01,24,0,8,23,0,0.000
SOHNTTT    ,2026-01-18,14:06:02.300,35.313690,-117.787383,38237,3,38,-143,95,0x01,24,0,4,20,0,0.000
SOHNTTT    ,2026-01-18,14:06:03.291,35.313664,-117.787252,38108,3,38,-143,99,0x01,24,0,8,21,0,0.000
SOHNTTT    ,2026-01-18,14:06:05.330,35.313638,-117.786988,37826,3,42,-136,97,0x01,24,0,4,20,0,0.000
SOHNTTT    ,2026-01-18,14:06:07.281,35.313613,-117.786715,37556,3,41,-134,94,0x01,24,0,3,21,0,0.000
SOHNTTT    ,2026-01-18,14:06:08.300,35.313587,-117.786576,37406,3,40,-135,93,0x01,24,0,3,22,0,0.000
SOHNTTT    ,2026-01-18,14:06:09.290,35.313587,-117.786437,37267,3,41,-139,88,0x01,24,0,8,21,0,0.000
SOHNTTT    ,2026-01-18,14:06:10.339,35.313587,-117.786290,37128,3,46,-136,84,0x01,24,0,4,21,0,0.000
SOHNTTT    ,2026-01-18,14:06:11.301,35.313613,-117.786134,37004,3,47,-138,86,0x01,24,0,4,20,0,0.000
SOHNTTT    ,2026-01-18,14:06:12.291,35.313613,-117.785992,36865,3,48,-138,89,0x01,24,0,9,22,0,0.000
SOHNTTT    ,2026-01-18,14:06:13.280,35.313613,-117.785814,36724,3,47,-141,88,0x01,24,0,6,22,0,0.000
SOHNTTT    ,2026-01-18,14:06:14.301,35.313613,-117.785650,36567,3,50,-142,83,0x01,24,0,3,22,0,0.000
SOHNTTT    ,2026-01-18,14:06:15.291,35.313638,-117.785472,36427,3,53,-133,88,0x01,24,0,2,5,0,0.000
SOHNTTT    ,2026-01-18,14:06:16.281,35.313638,-117.785297,36290,3,52,-139,91,0x01,24,0,4,12,0,0.000
SOHNTTT    ,2026-01-18,14:06:17.300,35.313638,-117.785124,36152,3,50,-136,91,0x01,24,0,6,24,0,0.000
SOHNTTT    ,2026-01-18,14:06:19.551,35.313638,-117.784772,35869,3,53,-148,90,0x01,24,0,10,21,0,0.000
SOHNTTT    ,2026-01-18,14:06:20.299,35.313638,-117.784616,35726,3,41,-137,79,0x01,24,0,5,21,0,0.000
SOHNTTT    ,2026-01-18,14:06:21.290,35.313664,-117.784470,35585,3,47,-143,79,0x01,24,0,7,22,0,0.000
SOHNTTT    ,2026-01-18,14:06:22.519,35.313664,-117.784338,35450,3,38,-136,84,0x01,24,0,10,23,0,0.000
SOHNTTT    ,2026-01-18,14:06:23.300,35.313664,-117.784202,35307,3,49,-146,79,0x01,24,0,3,18,0,0.000
SOHNTTT    ,2026-01-18,14:06:24.290,35.313690,-117.784052,35165,3,44,-132,83,0x01,24,0,4,21,0,0.000
SOHNTTT    ,2026-01-18,14:06:25.279,35.313690,-117.783899,35029,3,44,-138,89,0x01,24,0,4,19,0,0.000
SOHNTTT    ,2026-01-18,14:06:26.300,35.313690,-117.783752,34903,3,50,-139,93,0x01,24,0,10,19,0,0.000
SOHNTTT    ,2026-01-18,14:06:27.320,35.313690,-117.783561,34764,3,54,-135,89,0x01,24,0,5,18,0,0.000
SOHNTTT    ,2026-01-18,14:06:28.308,35.313690,-117.783354,34631,3,64,-134,87,0x01,24,0,6,18,0,0.000
SOHNTTT    ,2026-01-18,14:06:29.331,35.313715,-117.783167,34496,3,62,-137,84,0x01,24,0,8,19,0,0.000
SOHNTTT    ,2026-01-18,14:06:32.330,35.313715,-117.782536,34102,3,56,-129,88,0x01,24,0,8,20,0,0.000
SOHNTTT    ,2026-01-18,14:06:33.290,35.313715,-117.782375,33978,3,51,-123,87,0x01,24,0,3,20,0,0.000
SOHNTTT    ,2026-01-18,14:06:34.280,35.313741,-117.782199,33855,3,51,-121,83,0x01,24,0,6,21,0,0.000
SOHNTTT    ,2026-01-18,14:06:35.302,35.313766,-117.782021,33732,3,54,-122,79,0x01,24,0,7,17,0,0.000
SOHNTTT    ,2026-01-18,14:06:36.289,35.313792,-117.781842,33605,3,53,-130,82,0x01,24,0,2,17,0,0.000
SOHNTTT    ,2026-01-18,14:06:37.281,35.313792,-117.781676,33472,3,47,-133,81,0x01,24,0,2,13,0,0.000
SOHNTTT    ,2026-01-18,14:06:38.329,35.313818,-117.781529,33335,3,44,-138,82,0x01,24,0,8,18,0,0.000
SOHNTTT    ,2026-01-18,14:06:39.291,35.313843,-117.781375,33197,3,47,-137,79,0x01,24,0,2,14,0,0.000
SOHNTTT    ,2026-01-18,14:06:40.281,35.313843,-117.781209,33059,3,42,-138,92,0x01,24,0,4,16,0,0.000
SOHNTTT    ,2026-01-18,14:06:43.281,35.313818,-117.780733,32629,3,46,-138,99,0x01,24,0,4,16,0,0.000
SOHNTTT    ,2026-01-18,14:06:44.299,35.313818,-117.780579,32490,3,48,-138,95,0x01,24,0,5,15,0,0.000
SOHNTTT    ,2026-01-18,14:06:45.291,35.313792,-117.780412,32349,3,50,-138,97,0x01,24,0,5,16,0,0.000
SOHNTTT    ,2026-01-18,14:06:46.280,35.313766,-117.780252,32223,3,47,-137,98,0x01,24,0,3,16,0,0.000
SOHNTTT    ,2026-01-18,14:06:48.320,35.313741,-117.779956,31960,3,44,-124,104,0x01,24,0,1,14,0,0.000
SOHNTTT    ,2026-01-18,14:06:50.361,35.313664,-117.779677,31719,3,40,-118,103,0x01,24,0,3,15,0,0.000
SOHNTTT    ,2026-01-18,14:06:51.292,35.313638,-117.779548,31600,3,39,-119,105,0x01,24,0,4,15,0,0.000
SOHNTTT    ,2026-01-18,14:06:53.331,35.313587,-117.779285,31351,3,40,-125,103,0x01,24,0,0,11,0,0.000
SOHNTTT    ,2026-01-18,14:06:55.281,35.313510,-117.778989,31093,3,49,-130,105,0x01,23,0,2,16,0,0.000
SOHNTTT    ,2026-01-18,14:06:56.301,35.313485,-117.778829,30961,3,50,-134,104,0x01,24,0,2,15,0,0.000
SOHNTTT    ,2026-01-18,14:06:57.320,35.313434,-117.778637,30812,3,56,-131,106,0x01,24,0,5,19,0,0.000
SOHNTTT    ,2026-01-18,14:06:58.311,35.313408,-117.778465,30695,3,63,-127,105,0x01,24,0,4,16,0,0.000
SOHNTTT    ,2026-01-18,14:06:59.331,35.313357,-117.778255,30570,3,65,-127,102,0x01,24,0,2,15,0,0.000
SOHNTTT    ,2026-01-18,14:07:00.291,35.313306,-117.778046,30442,3,64,-123,109,0x01,24,0,4,17,0,0.000
SOHNTTT    ,2026-01-18,14:07:01.281,35.313254,-117.777854,30318,3,55,-125,100,0x01,24,0,3,17,0,0.000
SOHNTTT    ,2026-01-18,14:07:02.302,35.313229,-117.777667,30191,3,54,-126,98,0x01,24,0,1,12,0,0.000
SOHNTTT    ,2026-01-18,14:07:03.292,35.313229,-117.777482,30066,3,55,-124,98,0x01,24,0,2,14,0,0.000
SOHNTTT    ,2026-01-18,14:07:04.310,35.313203,-117.777299,29937,3,52,-132,103,0x01,24,0,4,15,0,0.000
SOHNTTT    ,2026-01-18,14:07:05.301,35.313152,-117.777126,29805,3,51,-133,102,0x01,24,0,0,12,0,0.000
SOHNTTT    ,2026-01-18,14:07:06.289,35.313126,-117.776951,29667,3,54,-140,103,0x01,24,0,0,11,0,0.000
SOHNTTT    ,2026-01-18,14:07:07.280,35.313101,-117.776772,29531,3,57,-134,103,0x01,24,0,5,15,0,0.000
SOHNTTT    ,2026-01-18,14:07:08.301,35.313050,-117.776589,29397,3,57,-130,103,0x01,24,0,6,17,0,0.000
SOHNTTT    ,2026-01-18,14:07:09.291,35.313024,-117.776404,29263,3,54,-134,103,0x01,24,0,6,16,0,0.000
SOHNTTT    ,2026-01-18,14:07:10.549,35.312998,-117.776235,29127,3,47,-139,102,0x01,24,0,4,13,0,0.000
SOHNTTT    ,2026-01-18,14:07:11.300,35.312947,-117.776089,28991,3,42,-132,100,0x01,24,0,3,14,0,0.000
SOHNTTT    ,2026-01-18,14:07:12.290,35.312922,-117.775947,28865,3,45,-123,104,0x01,24,0,6,16,0,0.000
SOHNTTT    ,2026-01-18,14:07:14.301,35.312870,-117.775647,28624,3,47,-123,103,0x01,24,0,1,11,0,0.000
SOHNTTT    ,2026-01-18,14:07:15.291,35.312819,-117.775491,28496,3,48,-132,106,0x01,24,0,9,16,0,0.000
SOHNTTT    ,2026-01-18,14:07:17.302,35.312768,-117.775167,28203,3,40,-160,95,0x01,24,0,2,12,0,0.000
SOHNTTT    ,2026-01-18,14:07:19.310,35.312717,-117.774867,27926,3,56,-130,107,0x01,24,0,3,15,0,0.000
SOHNTTT    ,2026-01-18,14:07:20.301,35.312666,-117.774706,27798,3,45,-125,104,0x01,24,0,6,18,0,0.000
SOHNTTT    ,2026-01-18,14:07:22.341,35.312614,-117.774390,27548,3,51,-126,104,0x01,24,1,8,19,0,0.000
SOHNTTT    ,2026-01-18,14:07:26.331,35.312512,-117.773740,27048,3,48,-123,96,0x01,24,0,4,20,0,0.000
SOHNTTT    ,2026-01-18,14:07:27.292,35.312512,-117.773585,26926,3,45,-121,92,0x01,24,0,4,21,0,0.000
SOHNTTT    ,2026-01-18,14:07:28.311,35.312512,-117.773438,26804,3,45,-120,99,0x01,24,0,8,22,0,0.000
SOHNTTT    ,2026-01-18,14:07:29.299,35.312486,-117.773288,26685,3,45,-117,101,0x01,24,0,4,22,0,0.000
SOHNTTT    ,2026-01-18,14:07:30.410,35.312435,-117.773137,26567,3,50,-117,102,0x01,24,0,8,21,0,0.000
SOHNTTT    ,2026-01-18,14:07:31.460,35.312410,-117.772961,26450,3,53,-118,101,0x01,24,0,4,14,0,0.000
SOHNTTT    ,2026-01-18,14:07:32.302,35.312384,-117.772794,26334,3,50,-120,103,0x01,24,0,0,14,0,0.000
SOHNTTT    ,2026-01-18,14:07:33.292,35.312358,-117.772635,26218,3,46,-119,99,0x01,24,0,2,17,0,0.000
SOHNTTT    ,2026-01-18,14:07:34.519,35.312333,-117.772481,26100,3,45,-115,95,0x01,24,0,6,19,0,0.000
SOHNTTT    ,2026-01-18,14:07:35.332,35.312333,-117.772327,25982,3,47,-117,90,0x01,24,0,2,15,0,0.000
SOHNTTT    ,2026-01-18,14:07:36.352,35.312333,-117.772188,25879,3,45,-115,85,0x01,24,0,4,18,0,0.000
SOHNTTT    ,2026-01-18,14:07:38.300,35.312358,-117.771909,25635,3,40,-133,88,0x01,24,0,10,17,0,0.000
SOHNTTT    ,2026-01-18,14:07:39.294,35.312358,-117.771746,25488,3,48,-141,79,0x01,24,0,3,17,0,0.000
SOHNTTT    ,2026-01-18,14:07:41.332,35.312410,-117.771429,25212,3,51,-124,95,0x01,24,0,3,19,0,0.000
SOHNTTT    ,2026-01-18,14:07:44.301,35.312410,-117.770938,24867,3,50,-116,90,0x01,24,0,6,18,0,0.000
SOHNTTT    ,2026-01-18,14:07:45.291,35.312410,-117.770762,24738,3,52,-119,95,0x01,23,0,0,19,0,0.000
SOHNTTT    ,2026-01-18,14:07:46.282,35.312384,-117.770605,24631,3,50,-114,99,0x01,23,0,1,18,0,0.000
SOHNTTT    ,2026-01-18,14:07:47.300,35.312384,-117.770443,24516,3,49,-112,93,0x01,23,0,1,17,0,0.000
SOHNTTT    ,2026-01-18,14:07:48.290,35.312384,-117.770283,24405,3,48,-111,86,0x01,23,0,2,19,0,0.000
SOHNTTT    ,2026-01-18,14:07:49.282,35.312384,-117.770111,24293,3,49,-112,88,0x01,23,0,1,15,0,0.000
SOHNTTT    ,2026-01-18,14:07:50.302,35.312384,-117.769912,24168,3,56,-113,90,0x01,23,0,4,18,0,0.000
SOHNTTT    ,2026-01-18,14:07:51.292,35.312384,-117.769733,24053,3,52,-116,90,0x01,23,0,4,16,0,0.000
SOHNTTT    ,2026-01-18,14:07:52.283,35.312384,-117.769555,23938,3,54,-114,84,0x01,23,0,0,14,0,0.000
SOHNTTT    ,2026-01-18,14:07:53.302,35.312410,-117.769379,23820,3,53,-120,83,0x01,23,0,6,17,0,0.000
SOHNTTT    ,2026-01-18,14:07:55.312,35.312435,-117.769035,23582,3,50,-118,87,0x01,24,0,3,18,0,0.000
SOHNTTT    ,2026-01-18,14:07:57.291,35.312435,-117.768681,23334,3,54,-125,87,0x01,24,0,6,17,0,0.000
SOHNTTT    ,2026-01-18,14:07:58.284,35.312461,-117.768499,23210,3,54,-128,85,0x01,24,0,9,18,0,0.000
SOHNTTT    ,2026-01-18,14:08:00.292,35.312461,-117.768090,22935,3,53,-136,83,0x01,24,0,6,20,0,0.000
SOHNTTT    ,2026-01-18,14:08:02.330,35.312538,-117.767751,22681,3,53,-117,78,0x01,24,0,2,18,0,0.000
SOHNTTT    ,2026-01-18,14:08:03.292,35.312563,-117.767576,22561,3,55,-120,74,0x01,23,0,5,19,0,0.000
SOHNTTT    ,2026-01-18,14:08:04.282,35.312589,-117.767394,22439,3,55,-121,77,0x01,23,0,9,21,0,0.000
SOHNTTT    ,2026-01-18,14:08:05.302,35.312614,-117.767212,22321,3,54,-118,81,0x01,23,0,1,14,0,0.000
SOHNTTT    ,2026-01-18,14:08:06.472,35.312640,-117.767023,22214,3,57,-119,84,0x01,24,0,8,19,0,0.000
SOHNTTT    ,2026-01-18,14:08:08.304,35.312640,-117.766614,21951,3,75,-140,92,0x01,24,0,4,20,0,0.000
SOHNTTT    ,2026-01-18,14:08:09.294,35.312614,-117.766390,21816,3,64,-127,92,0x01,24,0,5,21,0,0.000
SOHNTTT    ,2026-01-18,14:08:10.280,35.312614,-117.766169,21692,3,63,-118,89,0x01,24,0,7,21,0,0.000
SOHNTTT    ,2026-01-18,14:08:11.301,35.312614,-117.765967,21578,3,61,-106,88,0x01,24,0,3,19,0,0.000
SOHNTTT    ,2026-01-18,14:08:12.292,35.312614,-117.765770,21470,3,58,-107,94,0x01,24,0,3,20,0,0.000
SOHNTTT    ,2026-01-18,14:08:13.282,35.312614,-117.765574,21364,3,57,-103,91,0x01,24,0,2,16,0,0.000
SOHNTTT    ,2026-01-18,14:08:16.343,35.312614,-117.765006,21042,3,56,-111,88,0x01,24,0,4,19,0,0.000
SOHNTTT    ,2026-01-18,14:08:17.302,35.312614,-117.764812,20931,3,57,-108,85,0x01,24,0,0,19,0,0.000
SOHNTTT    ,2026-01-18,14:08:21.292,35.312666,-117.764090,20497,3,52,-107,88,0x01,24,0,2,16,0,0.000
SOHNTTT    ,2026-01-18,14:08:22.282,35.312666,-117.763912,20389,3,52,-108,85,0x01,24,0,2,18,0,0.000
SOHNTTT    ,2026-01-18,14:08:23.512,35.312666,-117.763739,20276,3,52,-121,85,0x01,24,0,4,18,0,0.000
SOHNTTT    ,2026-01-18,14:08:24.292,35.312691,-117.763557,20154,3,58,-122,80,0x01,24,0,8,19,0,0.000
SOHNTTT    ,2026-01-18,14:08:25.282,35.312717,-117.763358,20048,3,62,-116,76,0x01,24,0,9,21,0,0.000
SOHNTTT    ,2026-01-18,14:08:26.301,35.312768,-117.763161,19919,3,61,-115,76,0x01,23,0,1,19,0,0.000
SOHNTTT    ,2026-01-18,14:08:27.532,35.312794,-117.762971,19817,3,58,-111,73,0x01,24,0,8,20,0,0.000
SOHNTTT    ,2026-01-18,14:08:28.282,35.312845,-117.762787,19692,3,64,-114,74,0x01,23,0,2,18,0,0.000
SOHNTTT    ,2026-01-18,14:08:29.302,35.312819,-117.762626,19577,3,46,-110,99,0x01,24,0,6,18,0,0.000
SOHNTTT    ,2026-01-18,14:08:30.294,35.312819,-117.762472,19466,3,45,-112,94,0x01,24,0,11,20,0,0.000
SOHNTTT    ,2026-01-18,14:08:31.552,35.312819,-117.762326,19361,3,41,-100,85,0x01,24,0,2,17,0,0.000
SOHNTTT    ,2026-01-18,14:08:32.333,35.312819,-117.762209,19267,3,37,-107,84,0x01,24,0,9,21,0,0.000
SOHNTTT    ,2026-01-18,14:08:35.511,35.312845,-117.761811,18930,3,39,-109,82,0x01,24,0,1,16,0,0.000
SOHNTTT    ,2026-01-18,14:08:36.292,35.312870,-117.761683,18824,3,37,-106,77,0x01,24,0,5,18,0,0.000
SOHNTTT    ,2026-01-18,14:08:37.312,35.312896,-117.761563,18719,3,35,-105,74,0x01,24,0,1,17,0,0.000
SOHNTTT    ,2026-01-18,14:08:38.301,35.312922,-117.761458,18623,3,32,-110,81,0x01,24,0,7,19,0,0.000
SOHNTTT    ,2026-01-18,14:08:40.341,35.312947,-117.761261,18382,3,33,-128,82,0x01,24,0,0,16,0,0.000
SOHNTTT    ,2026-01-18,14:08:41.301,35.312947,-117.761153,18261,3,30,-130,68,0x01,23,0,5,16,0,0.000
SOHNTTT    ,2026-01-18,14:08:42.292,35.312973,-117.761073,18137,3,20,-118,66,0x01,24,0,1,14,0,0.000
SOHNTTT    ,2026-01-18,14:08:43.281,35.313024,-117.761018,18023,3,23,-110,64,0x01,24,0,5,16,0,0.000
SOHNTTT    ,2026-01-18,14:08:44.301,35.313024,-117.760919,17918,3,32,-102,76,0x01,24,0,4,15,0,0.000
SOHNTTT    ,2026-01-18,14:08:45.292,35.313050,-117.760813,17807,3,32,-97,96,0x01,24,0,4,17,0,0.000
SOHNTTT    ,2026-01-18,14:08:46.282,35.313050,-117.760711,17707,3,32,-99,96,0x01,24,0,4,16,0,0.000
SOHNTTT    ,2026-01-18,14:08:47.301,35.313024,-117.760607,17611,3,30,-94,96,0x01,24,0,6,18,0,0.000
SOHNTTT    ,2026-01-18,14:08:48.292,35.313024,-117.760499,17525,3,32,-92,102,0x01,24,0,6,17,0,0.000
SOHNTTT    ,2026-01-18,14:08:49.282,35.312998,-117.760388,17417,3,33,-101,98,0x01,24,0,3,19,0,0.000
SOHNTTT    ,2026-01-18,14:08:50.304,35.312973,-117.760290,17322,3,34,-109,99,0x01,24,0,7,18,0,0.000
SOHNTTT    ,2026-01-18,14:08:51.291,35.312973,-117.760183,17209,3,32,-118,101,0x01,24,0,9,19,0,0.000
SOHNTTT    ,2026-01-18,14:08:52.283,35.312947,-117.760081,17084,3,27,-138,127,0x01,24,0,5,19,0,0.000
SOHNTTT    ,2026-01-18,14:08:55.283,35.312768,-117.759850,16731,3,21,-127,121,0x01,24,0,1,14,0,0.000
SOHNTTT    ,2026-01-18,14:08:56.304,35.312768,-117.759780,16608,3,38,-119,117,0x01,24,0,3,19,0,0.000
SOHNTTT    ,2026-01-18,14:08:57.291,35.312691,-117.759647,16478,3,39,-109,108,0x01,24,0,2,14,0,0.000
SOHNTTT    ,2026-01-18,14:08:59.333,35.312666,-117.759576,16287,3,3,-102,172,0x01,24,0,3,17,0,0.000
SOHNTTT    ,2026-01-18,14:09:00.292,35.312640,-117.759566,16177,3,15,-97,162,0x01,24,0,3,16,0,0.000
SOHNTTT    ,2026-01-18,14:09:01.283,35.312614,-117.759542,16086,3,13,-102,141,0x01,24,0,2,13,0,0.000
SOHNTTT    ,2026-01-18,14:09:02.303,35.312589,-117.759497,15985,3,17,-99,118,0x01,24,0,6,20,0,0.000
SOHNTTT    ,2026-01-18,14:09:03.291,35.312589,-117.759459,15886,3,12,-100,105,0x01,24,0,7,17,0,0.000
SOHNTTT    ,2026-01-18,14:09:04.283,35.312563,-117.759410,15788,3,17,-96,108,0x01,24,0,4,16,0,0.000
SOHNTTT    ,2026-01-18,14:09:05.303,35.312563,-117.759348,15688,3,18,-102,111,0x01,24,0,2,17,0,0.000
SOHNTTT    ,2026-01-18,14:09:07.463,35.312512,-117.759242,15481,3,17,-108,112,0x01,24,0,11,18,0,0.000
SOHNTTT    ,2026-01-18,14:09:08.302,35.312486,-117.759178,15371,3,27,-110,117,0x01,24,0,6,16,0,0.000
SOHNTTT    ,2026-01-18,14:09:09.291,35.312435,-117.759095,15262,3,28,-111,123,0x01,24,0,5,16,0,0.000
SOHNTTT    ,2026-01-18,14:09:10.283,35.312410,-117.759029,15154,3,21,-101,141,0x01,24,0,0,10,0,0.000
SOHNTTT    ,2026-01-18,14:09:11.302,35.312358,-117.758992,15049,3,17,-106,140,0x01,24,0,4,14,0,0.000
SOHNTTT    ,2026-01-18,14:09:14.363,35.312282,-117.758828,14754,3,21,-98,115,0x01,24,0,0,12,0,0.000
SOHNTTT    ,2026-01-18,14:09:16.283,35.312230,-117.758691,14548,3,24,-106,103,0x01,24,0,5,17,0,0.000
SOHNTTT    ,2026-01-18,14:09:18.351,35.312230,-117.758546,14339,3,21,-108,92,0x01,24,0,7,18,0,0.000
SOHNTTT    ,2026-01-18,14:09:19.283,35.312205,-117.758471,14227,3,23,-126,98,0x01,24,0,0,14,0,0.000
SOHNTTT    ,2026-01-18,14:09:21.352,35.312205,-117.758341,13971,3,21,-119,108,0x01,23,0,4,13,0,0.000
SOHNTTT    ,2026-01-18,14:09:23.513,35.312179,-117.758207,13755,3,22,-98,114,0x01,24,0,5,16,0,0.000
SOHNTTT    ,2026-01-18,14:09:24.292,35.312128,-117.758128,13658,3,26,-96,118,0x01,24,0,2,16,0,0.000
SOHNTTT    ,2026-01-18,14:09:25.284,35.312102,-117.758055,13560,3,24,-96,109,0x01,24,0,1,15,0,0.000
SOHNTTT    ,2026-01-18,14:09:26.303,35.312077,-117.757976,13466,3,24,-91,107,0x01,24,0,4,17,0,0.000
SOHNTTT    ,2026-01-18,14:09:27.292,35.312077,-117.757898,13375,3,23,-89,99,0x01,24,0,4,15,0,0.000
SOHNTTT    ,2026-01-18,14:09:28.282,35.312077,-117.757824,13284,3,21,-93,88,0x01,24,0,5,16,0,0.000
SOHNTTT    ,2026-01-18,14:09:29.303,35.312051,-117.757750,13189,3,21,-93,94,0x01,24,0,6,18,0,0.000
SOHNTTT    ,2026-01-18,14:09:30.293,35.312051,-117.757685,13093,3,21,-97,85,0x01,24,0,2,13,0,0.000
SOHNTTT    ,2026-01-18,14:09:31.283,35.312077,-117.757616,12997,3,21,-98,87,0x01,24,0,1,14,0,0.000
SOHNTTT    ,2026-01-18,14:09:32.303,35.312077,-117.757536,12894,3,24,-103,87,0x01,24,0,10,18,0,0.000
SOHNTTT    ,2026-01-18,14:09:33.323,35.312077,-117.757440,12788,3,25,-105,85,0x01,24,0,0,18,0,0.000
SOHNTTT    ,2026-01-18,14:09:34.282,35.312077,-117.757361,12676,3,25,-99,101,0x01,24,0,2,3,0,0.000
SOHNTTT    ,2026-01-18,14:09:35.302,35.312051,-117.757278,12574,3,24,-102,98,0x01,23,0,1,17,0,0.000
SOHNTTT    ,2026-01-18,14:09:37.342,35.312026,-117.757097,12368,3,28,-108,107,0x01,24,0,0,15,0,0.000
SOHNTTT    ,2026-01-18,14:09:38.303,35.312000,-117.757013,12275,3,27,-101,100,0x01,24,0,1,17,0,0.000
SOHNTTT    ,2026-01-18,14:09:39.293,35.312000,-117.756923,12174,3,28,-101,99,0x01,24,0,1,14,0,0.000
SOHNTTT    ,2026-01-18,14:09:40.283,35.311974,-117.756819,12069,3,33,-106,98,0x01,24,0,7,16,0,0.000
SOHNTTT    ,2026-01-18,14:09:42.322,35.311923,-117.756614,11860,3,29,-98,112,0x01,24,0,1,15,0,0.000
SOHNTTT    ,2026-01-18,14:09:43.283,35.311898,-117.756528,11763,3,26,-97,115,0x01,24,0,1,13,0,0.000
SOHNTTT    ,2026-01-18,14:09:44.303,35.311846,-117.756444,11663,3,31,-100,119,0x01,24,0,6,17,0,0.000
SOHNTTT    ,2026-01-18,14:09:45.295,35.311821,-117.756345,11562,3,36,-102,115,0x01,24,0,4,17,0,0.000
SOHNTTT    ,2026-01-18,14:09:46.283,35.311770,-117.756246,11459,3,37,-102,125,0x01,24,0,0,16,0,0.000
SOHNTTT    ,2026-01-18,14:09:47.482,35.311667,-117.756164,11359,3,40,-96,142,0x01,24,0,5,16,0,0.000
SOHNTTT    ,2026-01-18,14:09:49.343,35.311514,-117.755992,11164,3,35,-102,132,0x01,24,0,3,17,0,0.000
SOHNTTT    ,2026-01-18,14:09:50.302,35.311462,-117.755896,11060,3,33,-110,110,0x01,24,0,0,13,0,0.000
SOHNTTT    ,2026-01-18,14:09:52.343,35.311334,-117.755729,10836,3,30,-101,141,0x01,24,0,4,14,0,0.000
SOHNTTT    ,2026-01-18,14:09:53.304,35.311283,-117.755660,10731,3,27,-105,127,0x01,24,0,5,15,0,0.000
SOHNTTT    ,2026-01-18,14:09:54.294,35.311232,-117.755579,10627,3,26,-103,127,0x01,24,0,5,16,0,0.000
SOHNTTT    ,2026-01-18,14:09:56.333,35.311130,-117.755387,10400,3,43,-125,123,0x01,24,0,3,18,0,0.000
SOHNTTT    ,2026-01-18,14:09:58.342,35.311053,-117.755184,10177,3,25,-102,110,0x01,24,0,3,16,0,0.000
SOHNTTT    ,2026-01-18,14:09:59.303,35.311027,-117.755103,10073,3,24,-103,110,0x01,24,0,1,14,0,0.000
SOHNTTT    ,2026-01-18,14:10:04.345,35.310874,-117.754610,9605,3,25,-96,105,0x01,24,0,5,18,0,0.000
SOHNTTT    ,2026-01-18,14:10:05.303,35.310848,-117.754541,9507,3,20,-99,108,0x01,24,0,8,20,0,0.000
SOHNTTT    ,2026-01-18,14:10:06.293,35.310848,-117.754482,9396,3,16,-106,113,0x01,24,0,3,14,0,0.000
SOHNTTT    ,2026-01-18,14:10:07.285,35.310822,-117.754420,9277,3,21,-138,117,0x01,24,0,1,17,0,0.000
SOHNTTT    ,2026-01-18,14:10:08.303,35.310771,-117.754361,9146,3,28,-123,142,0x01,24,0,9,19,0,0.000
SOHNTTT    ,2026-01-18,14:10:09.294,35.310694,-117.754298,9026,3,28,-112,139,0x01,24,0,3,18,0,0.000
SOHNTTT    ,2026-01-18,14:10:10.283,35.310694,-117.754225,8923,3,22,-108,89,0x01,24,0,6,16,0,0.000
SOHNTTT    ,2026-01-18,14:10:12.292,35.310669,-117.754077,8727,3,24,-89,119,0x01,24,0,4,17,0,0.000
SOHNTTT    ,2026-01-18,14:10:13.283,35.310618,-117.753997,8627,3,24,-89,118,0x01,24,0,4,19,0,0.000
SOHNTTT    ,2026-01-18,14:10:15.323,35.310541,-117.753857,8443,3,24,-92,133,0x01,24,0,3,17,0,0.000
SOHNTTT    ,2026-01-18,14:10:16.284,35.310515,-117.753796,8351,3,20,-92,116,0x01,24,0,7,20,0,0.000
SOHNTTT    ,2026-01-18,14:10:18.293,35.310490,-117.753682,8163,3,19,-94,90,0x01,24,0,9,20,0,0.000
SOHNTTT    ,2026-01-18,14:10:20.304,35.310464,-117.753560,7936,3,14,-110,104,0x01,24,0,1,18,0,0.000
SOHNTTT    ,2026-01-18,14:10:21.292,35.310438,-117.753497,7839,3,17,-91,98,0x01,24,0,6,15,0,0.000
SOHNTTT    ,2026-01-18,14:10:22.283,35.310438,-117.753442,7749,3,13,-89,102,0x01,24,0,2,19,0,0.000
SOHNTTT    ,2026-01-18,14:10:23.303,35.310438,-117.753389,7666,3,18,-91,98,0x01,24,0,6,19,0,0.000
SOHNTTT    ,2026-01-18,14:10:24.293,35.310413,-117.753331,7575,3,20,-90,99,0x01,24,0,1,16,0,0.000
SOHNTTT    ,2026-01-18,14:10:25.283,35.310413,-117.753258,7475,3,21,-88,101,0x01,24,0,5,19,0,0.000
SOHNTTT    ,2026-01-18,14:10:26.304,35.310387,-117.753189,7382,3,23,-95,118,0x01,24,0,4,15,0,0.000
SOHNTTT    ,2026-01-18,14:10:27.293,35.310362,-117.753123,7294,3,22,-95,104,0x01,24,0,6,17,0,0.000
SOHNTTT    ,2026-01-18,14:10:28.283,35.310336,-117.753047,7186,3,22,-103,113,0x01,24,0,0,16,0,0.000
SOHNTTT    ,2026-01-18,14:10:29.304,35.310310,-117.753022,7088,3,17,-105,165,0x01,24,0,6,18,0,0.000
SOHNTTT    ,2026-01-18,14:10:30.294,35.310259,-117.753004,6981,3,12,-106,153,0x01,24,0,8,17,0,0.000
SOHNTTT    ,2026-01-18,14:10:32.304,35.310234,-117.752944,6797,3,10,-87,109,0x01,24,0,2,17,0,0.000
SOHNTTT    ,2026-01-18,14:10:34.284,35.310234,-117.752877,6616,3,9,-91,91,0x01,23,0,6,19,0,0.000
SOHNTTT    ,2026-01-18,14:10:35.304,35.310234,-117.752846,6523,3,15,-83,90,0x01,24,0,2,17,0,0.000
SOHNTTT    ,2026-01-18,14:10:36.295,35.310234,-117.752799,6426,3,13,-90,100,0x01,24,0,3,23,0,0.000
SOHNTTT    ,2026-01-18,14:10:37.284,35.310208,-117.752752,6346,3,18,-81,127,0x01,24,0,2,18,0,0.000
SOHNTTT    ,2026-01-18,14:10:38.304,35.310182,-117.752712,6262,3,14,-85,122,0x01,24,0,9,17,0,0.000
SOHNTTT    ,2026-01-18,14:10:39.294,35.310182,-117.752663,6174,3,15,-91,107,0x01,24,0,0,16,0,0.000
SOHNTTT    ,2026-01-18,14:10:40.284,35.310157,-117.752592,6090,3,21,-82,97,0x01,24,0,8,18,0,0.000
SOHNTTT    ,2026-01-18,14:10:42.324,35.310157,-117.752447,5901,3,19,-89,95,0x01,24,0,4,16,0,0.000
SOHNTTT    ,2026-01-18,14:10:43.284,35.310131,-117.752384,5814,3,18,-83,89,0x01,23,0,6,16,0,0.000
SOHNTTT    ,2026-01-18,14:10:44.304,35.310131,-117.752321,5733,3,17,-76,81,0x01,24,0,6,17,0,0.000
SOHNTTT    ,2026-01-18,14:10:45.292,35.310157,-117.752262,5654,3,18,-78,94,0x01,24,0,6,18,0,0.000
SOHNTTT    ,2026-01-18,14:10:47.304,35.310131,-117.752151,5486,3,10,-82,108,0x01,23,0,3,14,0,0.000
SOHNTTT    ,2026-01-18,14:10:48.292,35.310131,-117.752119,5402,3,7,-85,102,0x01,23,0,3,16,0,0.000
SOHNTTT    ,2026-01-18,14:10:49.284,35.310131,-117.752089,5325,3,7,-87,96,0x01,24,0,9,17,0,0.000
SOHNTTT    ,2026-01-18,14:10:50.304,35.310131,-117.752071,5234,3,4,-94,53,0x01,23,0,8,16,0,0.000
SOHNTTT    ,2026-01-18,14:10:51.295,35.310131,-117.752063,5141,3,4,-84,-163,0x01,24,0,3,16,0,0.000
SOHNTTT    ,2026-01-18,14:10:53.304,35.310182,-117.752048,4994,3,14,-60,7,0x01,24,0,2,15,0,0.000
SOHNTTT    ,2026-01-18,14:10:54.292,35.310208,-117.752067,4956,3,3,-31,4,0x01,24,0,3,18,0,0.000
SOHNTTT    ,2026-01-18,14:10:55.286,35.310234,-117.752064,4915,3,1,-38,-135,0x01,24,0,3,18,0,0.000
SOHNTTT    ,2026-01-18,14:10:56.304,35.310259,-117.752074,4890,3,4,-26,25,0x01,24,0,2,16,0,0.000
SOHNTTT    ,2026-01-18,14:10:57.294,35.310259,-117.752074,4857,3,12,-35,34,0x01,24,0,3,19,0,0.000
SOHNTTT    ,2026-01-18,14:10:58.284,35.310285,-117.752071,4827,3,13,-36,6,0x01,24,0,1,16,0,0.000
SOHNTTT    ,2026-01-18,14:10:59.304,35.310310,-117.752065,4794,3,14,-39,-29,0x01,23,0,2,16,0,0.000
SOHNTTT    ,2026-01-18,14:11:00.294,35.310336,-117.752053,4759,3,12,-33,-6,0x01,24,0,5,15,0,0.000
SOHNTTT    ,2026-01-18,14:11:01.285,35.310362,-117.752048,4725,3,12,-34,-39,0x01,24,0,4,16,0,0.000
SOHNTTT    ,2026-01-18,14:11:02.305,35.310387,-117.752026,4694,3,7,-28,25,0x01,24,0,4,16,0,0.000
SOHNTTT    ,2026-01-18,14:11:03.294,35.310387,-117.752010,4654,3,2,-36,-39,0x01,24,0,4,17,0,0.000
SOHNTTT    ,2026-01-18,14:11:04.284,35.310413,-117.751993,4616,3,6,-34,54,0x01,24,0,7,20,0,0.000
SOHNTTT    ,2026-01-18,14:11:05.304,35.310438,-117.751976,4582,3,4,-28,84,0x01,24,0,2,18,0,0.000
SOHNTTT    ,2026-01-18,14:11:06.323,35.310438,-117.751970,4545,3,12,-35,114,0x01,24,0,7,19,0,0.000
SOHNTTT    ,2026-01-18,14:11:07.283,35.310464,-117.751955,4506,3,13,-35,84,0x01,24,0,4,12,0,0.000
SOHNTTT    ,2026-01-18,14:11:09.293,35.310464,-117.751946,4433,3,6,-34,-17,0x01,24,0,3,17,0,0.000
SOHNTTT    ,2026-01-18,14:11:10.283,35.310464,-117.751930,4393,3,7,-35,-87,0x01,24,0,4,18,0,0.000
SOHNTTT    ,2026-01-18,14:11:12.321,35.310438,-117.751912,4312,3,7,-39,-134,0x01,23,0,5,16,0,0.000
SOHNTTT    ,2026-01-18,14:11:13.282,35.310438,-117.751893,4277,3,0,-33,143,0x01,24,0,3,18,0,0.000
SOHNTTT    ,2026-01-18,14:11:14.303,35.310438,-117.751886,4242,3,13,-37,105,0x01,24,0,5,17,0,0.000
SOHNTTT    ,2026-01-18,14:11:15.324,35.310438,-117.751883,4203,3,8,-35,103,0x01,24,0,3,16,0,0.000
SOHNTTT    ,2026-01-18,14:11:17.333,35.310438,-117.751859,4125,3,6,-40,-17,0x01,24,0,4,12,0,0.000
SOHNTTT    ,2026-01-18,14:11:19.283,35.310438,-117.751828,4046,3,9,-28,33,0x01,24,0,5,17,0,0.000
SOHNTTT    ,2026-01-18,14:11:20.304,35.310438,-117.751811,4010,3,8,-33,-43,0x01,24,0,8,19,0,0.000
SOHNTTT    ,2026-01-18,14:11:21.293,35.310438,-117.751811,3971,3,4,-38,-117,0x01,24,0,8,20,0,0.000
SOHNTTT    ,2026-01-18,14:11:22.284,35.310438,-117.751798,3934,3,9,-39,143,0x01,24,0,9,22,0,0.000
SOHNTTT    ,2026-01-18,14:11:23.305,35.310438,-117.751778,3893,3,10,-36,110,0x01,24,0,7,22,0,0.000
SOHNTTT    ,2026-01-18,14:11:24.293,35.310438,-117.751767,3855,3,11,-41,79,0x01,24,0,7,21,0,0.000
SOHNTTT    ,2026-01-18,14:11:25.284,35.310438,-117.751762,3819,3,6,-29,118,0x01,24,0,6,22,0,0.000
SOHNTTT    ,2026-01-18,14:11:26.305,35.310438,-117.751748,3785,3,12,-34,23,0x01,24,0,4,21,0,0.000
SOHNTTT    ,2026-01-18,14:11:27.293,35.310438,-117.751722,3747,3,9,-28,35,0x01,23,0,4,20,0,0.000
SOHNTTT    ,2026-01-18,14:11:28.314,35.310438,-117.751702,3708,3,7,-31,112,0x01,23,0,2,14,0,0.000
